timestamp,cycle_id,commodity,contract,phase,agent,prompt_source,model_provider,model_name,assigned_provider,assigned_model,persona_hash,dspy_version,demo_count,tms_context_count,grounded_freshness_hours,reflexion_applied,prompt_tokens,completion_tokens,latency_ms
2026-03-16 10:06:47+00:00,KC-8fff919f,KC,KCK6 (202605),research,macro,commodity_profile,openai,gpt-5.2,openai,gpt-5.2,2bcfb52a4025,,0,3,10,False,3105,552,12000.63180923462
2026-03-16 10:06:55+00:00,KC-8fff919f,KC,KCK6 (202605),research,geopolitical,commodity_profile,gemini,gemini-3.1-pro-preview,gemini,gemini-3.1-pro-preview,76753e8c5f1d,,0,1,34,False,1902,344,17018.076419830322
2026-03-16 10:06:56+00:00,KC-8fff919f,KC,KCK6 (202605),research,agronomist,commodity_profile,gemini,gemini-3.1-pro-preview,gemini,gemini-3.1-pro-preview,b9f5b17ca472,,0,3,10,False,3017,400,21831.860303878784
2026-03-16 10:07:07+00:00,KC-8fff919f,KC,KCK6 (202605),research,supply_chain,commodity_profile,xai,grok-4-1-fast-reasoning,xai,grok-4-1-fast-reasoning,9e3bccad873f,,0,2,10,False,2407,317,12996.253728866577
2026-03-16 10:07:08+00:00,KC-8fff919f,KC,KCK6 (202605),research,macro,legacy,openai,gpt-5.2,openai,gpt-5.2,,,0,0,0.0,True,688,1116,20490.240573883057
2026-03-16 10:07:11+00:00,KC-8fff919f,KC,KCK6 (202605),research,sentiment,commodity_profile,xai,grok-4-1-fast-reasoning,xai,grok-4-1-fast-reasoning,aec4c91a93de,,0,0,10,False,1578,319,12506.52027130127
2026-03-16 10:07:14+00:00,KC-8fff919f,KC,KCK6 (202605),research,geopolitical,legacy,gemini,gemini-3.1-pro-preview,gemini,gemini-3.1-pro-preview,,,0,0,0.0,True,488,434,18363.759994506836
2026-03-16 10:07:17+00:00,KC-8fff919f,KC,KCK6 (202605),research,supply_chain,legacy,xai,grok-4-1-fast-reasoning,xai,grok-4-1-fast-reasoning,,,0,0,0.0,True,612,284,9456.067562103271
2026-03-16 10:07:20+00:00,KC-8fff919f,KC,KCK6 (202605),research,technical,commodity_profile,openai,o3-2025-04-16,openai,o3-2025-04-16,07627e1eaadf,,0,3,82,False,2690,816,8193.14169883728
2026-03-16 10:07:21+00:00,KC-8fff919f,KC,KCK6 (202605),research,sentiment,legacy,xai,grok-4-1-fast-reasoning,xai,grok-4-1-fast-reasoning,,,0,0,0.0,True,624,317,9671.306848526001
2026-03-16 10:07:23+00:00,KC-8fff919f,KC,KCK6 (202605),research,inventory,commodity_profile,anthropic,claude-sonnet-4-6,anthropic,claude-sonnet-4-6,923c40ff4146,,0,0,82,False,1996,1022,23005.476236343384
2026-03-16 10:07:35+00:00,KC-8fff919f,KC,KCK6 (202605),research,volatility,commodity_profile,xai,grok-4-1-fast-reasoning,xai,grok-4-1-fast-reasoning,c08ba18ab119,,0,3,10,False,2743,321,11726.10592842102
2026-03-16 10:07:46+00:00,KC-8fff919f,KC,KCK6 (202605),research,volatility,legacy,xai,grok-4-1-fast-reasoning,xai,grok-4-1-fast-reasoning,,,0,0,0.0,True,627,304,11190.212965011597
2026-03-16 10:07:47+00:00,KC-8fff919f,KC,KCK6 (202605),research,technical,legacy,openai,o3-2025-04-16,openai,o3-2025-04-16,,,0,0,0.0,True,545,1472,26165.406227111816
2026-03-16 10:07:51+00:00,KC-8fff919f,KC,KCK6 (202605),research,inventory,legacy,anthropic,claude-sonnet-4-6,anthropic,claude-sonnet-4-6,,,0,0,0.0,True,1187,1279,26989.492416381836
2026-03-16 10:08:27+00:00,KC-8fff919f,KC,KCK6 (202605),debate,permabear,legacy,anthropic,claude-sonnet-4-6,anthropic,claude-sonnet-4-6,2fd2d9277014,,0,0,0.0,False,5211,1344,36166.46981239319
2026-03-16 10:08:48+00:00,KC-8fff919f,KC,KCK6 (202605),debate,permabull,legacy,xai,grok-4-1-fast-reasoning,xai,grok-4-1-fast-reasoning,907c5282bd94,,0,0,0.0,False,5750,809,20643.279314041138
2026-03-16 10:09:03+00:00,KC-8fff919f,KC,KCK6 (202605),decision,master,legacy,openai,gpt-5.2,openai,gpt-5.2,067e4f454c9a,,0,0,0.0,False,7302,695,14627.458095550537
2026-03-16 10:09:10+00:00,KC-8fff919f,KC,KCK6 (202605),compliance,compliance,legacy,anthropic,claude-sonnet-4-6,anthropic,claude-sonnet-4-6,067e4f454c9a,,0,0,0.0,False,5988,243,7283.782720565796
2026-03-16 10:07:34+00:00,KC-0be701ff,KC,KCN6 (202607),research,macro,commodity_profile,openai,gpt-5.2,openai,gpt-5.2,2bcfb52a4025,,0,3,10,False,3137,515,8335.023641586304
2026-03-16 10:07:41+00:00,KC-0be701ff,KC,KCN6 (202607),research,agronomist,commodity_profile,gemini,gemini-3.1-pro-preview,gemini,gemini-3.1-pro-preview,b9f5b17ca472,,0,3,10,False,3096,368,16466.632604599
2026-03-16 10:07:52+00:00,KC-0be701ff,KC,KCN6 (202607),research,macro,legacy,openai,gpt-5.2,openai,gpt-5.2,,,0,0,0.0,True,653,858,17520.798683166504
2026-03-16 10:07:58+00:00,KC-0be701ff,KC,KCN6 (202607),research,inventory,commodity_profile,anthropic,claude-sonnet-4-6,anthropic,claude-sonnet-4-6,923c40ff4146,,0,0,82,False,1879,718,14095.075130462646
2026-03-16 10:08:00+00:00,KC-0be701ff,KC,KCN6 (202607),research,agronomist,legacy,gemini,gemini-3.1-pro-preview,gemini,gemini-3.1-pro-preview,,,0,0,0.0,True,512,383,18793.654680252075
2026-03-16 10:08:01+00:00,KC-0be701ff,KC,KCN6 (202607),research,supply_chain,commodity_profile,xai,grok-4-1-fast-reasoning,xai,grok-4-1-fast-reasoning,9e3bccad873f,,0,2,10,False,2248,321,13993.51453781128
2026-03-16 10:08:12+00:00,KC-0be701ff,KC,KCN6 (202607),research,supply_chain,legacy,xai,grok-4-1-fast-reasoning,xai,grok-4-1-fast-reasoning,,,0,0,0.0,True,621,390,9571.839809417725
2026-03-16 10:08:13+00:00,KC-0be701ff,KC,KCN6 (202607),research,geopolitical,commodity_profile,gemini,gemini-3.1-pro-preview,gemini,gemini-3.1-pro-preview,76753e8c5f1d,,0,1,34,False,1904,306,26285.00008583069
2026-03-16 10:08:14+00:00,KC-0be701ff,KC,KCN6 (202607),research,inventory,legacy,anthropic,claude-sonnet-4-6,anthropic,claude-sonnet-4-6,,,0,0,0.0,True,896,850,15372.811079025269
2026-03-16 10:08:17+00:00,KC-0be701ff,KC,KCN6 (202607),research,sentiment,commodity_profile,xai,grok-4-1-fast-reasoning,xai,grok-4-1-fast-reasoning,aec4c91a93de,,0,0,82,False,1535,261,10756.307601928711
2026-03-16 10:08:26+00:00,KC-0be701ff,KC,KCN6 (202607),research,sentiment,legacy,xai,grok-4-1-fast-reasoning,xai,grok-4-1-fast-reasoning,,,0,0,0.0,True,566,296,8489.09044265747
2026-03-16 10:08:30+00:00,KC-0be701ff,KC,KCN6 (202607),research,geopolitical,legacy,gemini,gemini-3.1-pro-preview,gemini,gemini-3.1-pro-preview,,,0,0,0.0,True,449,352,16683.62045288086
2026-03-16 10:08:38+00:00,KC-0be701ff,KC,KCN6 (202607),research,volatility,commodity_profile,xai,grok-4-1-fast-reasoning,xai,grok-4-1-fast-reasoning,c08ba18ab119,,0,2,10,False,2446,313,11062.334775924683
2026-03-16 10:08:48+00:00,KC-0be701ff,KC,KCN6 (202607),research,volatility,legacy,xai,grok-4-1-fast-reasoning,xai,grok-4-1-fast-reasoning,,,0,0,0.0,True,623,315,9789.562225341797
2026-03-16 10:09:07+00:00,KC-0be701ff,KC,KCN6 (202607),research,technical,commodity_profile,openai,o3-2025-04-16,openai,o3-2025-04-16,07627e1eaadf,,0,3,10,False,2928,638,12627.54487991333
2026-03-16 10:09:34+00:00,KC-0be701ff,KC,KCN6 (202607),research,technical,legacy,openai,o3-2025-04-16,openai,o3-2025-04-16,,,0,0,0.0,True,555,1223,26604.05397415161
2026-03-16 10:10:10+00:00,KC-0be701ff,KC,KCN6 (202607),debate,permabear,legacy,anthropic,claude-sonnet-4-6,anthropic,claude-sonnet-4-6,2fd2d9277014,,0,0,0.0,False,5258,1323,35609.53736305237
2026-03-16 10:10:26+00:00,KC-0be701ff,KC,KCN6 (202607),debate,permabull,legacy,xai,grok-4-1-fast-reasoning,xai,grok-4-1-fast-reasoning,907c5282bd94,,0,0,0.0,False,5841,883,16052.575826644897
2026-03-16 10:10:41+00:00,KC-0be701ff,KC,KCN6 (202607),decision,master,legacy,openai,gpt-5.2,openai,gpt-5.2,067e4f454c9a,,0,0,0.0,False,7435,823,14963.23299407959
2026-03-16 10:10:50+00:00,KC-0be701ff,KC,KCN6 (202607),compliance,compliance,legacy,anthropic,claude-sonnet-4-6,anthropic,claude-sonnet-4-6,067e4f454c9a,,0,0,0.0,False,6062,352,9489.103555679321
2026-03-16 10:08:46+00:00,KC-f8e15630,KC,KCU6 (202609),research,agronomist,commodity_profile,gemini,gemini-3.1-pro-preview,gemini,gemini-3.1-pro-preview,b9f5b17ca472,,0,3,10,False,2974,430,17118.618965148926
2026-03-16 10:09:01+00:00,KC-f8e15630,KC,KCU6 (202609),research,macro,commodity_profile,openai,gpt-5.2,openai,gpt-5.2,2bcfb52a4025,,0,3,10,False,3175,590,10081.94899559021
2026-03-16 10:09:19+00:00,KC-f8e15630,KC,KCU6 (202609),research,geopolitical,commodity_profile,gemini,gemini-3.1-pro-preview,gemini,gemini-3.1-pro-preview,76753e8c5f1d,,0,1,10,False,1881,346,19679.823398590088
2026-03-16 10:09:19+00:00,KC-f8e15630,KC,KCU6 (202609),research,agronomist,legacy,gemini,gemini-3.1-pro-preview,gemini,gemini-3.1-pro-preview,,,0,0,0.0,True,573,431,32929.50391769409
2026-03-16 10:09:24+00:00,KC-f8e15630,KC,KCU6 (202609),research,macro,legacy,openai,gpt-5.2,openai,gpt-5.2,,,0,0,0.0,True,726,1045,23419.40474510193
2026-03-16 10:09:29+00:00,KC-f8e15630,KC,KCU6 (202609),research,supply_chain,commodity_profile,xai,grok-4-1-fast-reasoning,xai,grok-4-1-fast-reasoning,9e3bccad873f,,0,2,34,False,2352,320,10290.570497512817
2026-03-16 10:09:36+00:00,KC-f8e15630,KC,KCU6 (202609),research,sentiment,commodity_profile,xai,grok-4-1-fast-reasoning,xai,grok-4-1-fast-reasoning,aec4c91a93de,,0,0,10,False,1568,235,10783.982753753662
2026-03-16 10:09:38+00:00,KC-f8e15630,KC,KCU6 (202609),research,geopolitical,legacy,gemini,gemini-3.1-pro-preview,gemini,gemini-3.1-pro-preview,,,0,0,0.0,True,488,404,18732.783555984497
2026-03-16 10:09:40+00:00,KC-f8e15630,KC,KCU6 (202609),research,inventory,commodity_profile,anthropic,claude-sonnet-4-6,anthropic,claude-sonnet-4-6,923c40ff4146,,0,0,10,False,2086,978,20679.758548736572
2026-03-16 10:09:40+00:00,KC-f8e15630,KC,KCU6 (202609),research,supply_chain,legacy,xai,grok-4-1-fast-reasoning,xai,grok-4-1-fast-reasoning,,,0,0,0.0,True,618,317,10942.19422340393
2026-03-16 10:09:43+00:00,KC-f8e15630,KC,KCU6 (202609),research,sentiment,legacy,xai,grok-4-1-fast-reasoning,xai,grok-4-1-fast-reasoning,,,0,0,0.0,True,540,228,6344.461917877197
2026-03-16 10:10:05+00:00,KC-f8e15630,KC,KCU6 (202609),research,volatility,commodity_profile,xai,grok-4-1-fast-reasoning,xai,grok-4-1-fast-reasoning,c08ba18ab119,,0,2,82,False,2386,240,12405.82251548767
2026-03-16 10:10:07+00:00,KC-f8e15630,KC,KCU6 (202609),research,inventory,legacy,anthropic,claude-sonnet-4-6,anthropic,claude-sonnet-4-6,,,0,0,0.0,True,1143,1340,26685.40358543396
2026-03-16 10:10:15+00:00,KC-f8e15630,KC,KCU6 (202609),research,volatility,legacy,xai,grok-4-1-fast-reasoning,xai,grok-4-1-fast-reasoning,,,0,0,0.0,True,546,237,10103.098392486572
2026-03-16 10:10:17+00:00,KC-f8e15630,KC,KCU6 (202609),research,technical,commodity_profile,openai,o3-2025-04-16,openai,o3-2025-04-16,07627e1eaadf,,0,3,0,False,2856,539,11142.857313156128
2026-03-16 10:10:39+00:00,KC-f8e15630,KC,KCU6 (202609),research,technical,legacy,openai,o3-2025-04-16,openai,o3-2025-04-16,,,0,0,0.0,True,524,1132,21525.087594985962
2026-03-16 10:11:20+00:00,KC-f8e15630,KC,KCU6 (202609),debate,permabear,legacy,anthropic,claude-sonnet-4-6,anthropic,claude-sonnet-4-6,2fd2d9277014,,0,0,0.0,False,5435,1613,40642.35877990723
2026-03-16 10:11:41+00:00,KC-f8e15630,KC,KCU6 (202609),debate,permabull,legacy,xai,grok-4-1-fast-reasoning,xai,grok-4-1-fast-reasoning,907c5282bd94,,0,0,0.0,False,6198,1063,20682.718753814697
2026-03-16 10:11:57+00:00,KC-f8e15630,KC,KCU6 (202609),decision,master,legacy,openai,gpt-5.2,openai,gpt-5.2,067e4f454c9a,,0,0,0.0,False,7991,887,16689.620971679688
2026-03-16 10:12:06+00:00,KC-f8e15630,KC,KCU6 (202609),compliance,compliance,legacy,anthropic,claude-sonnet-4-6,anthropic,claude-sonnet-4-6,067e4f454c9a,,0,0,0.0,False,6335,322,8330.15489578247
2026-03-16 10:09:11+00:00,KC-3e977c3d,KC,KCZ6 (202612),research,agronomist,commodity_profile,cache,cache,gemini,gemini-3.1-pro-preview,b9f5b17ca472,,0,3,10,False,0,0,0
2026-03-16 10:09:14+00:00,KC-3e977c3d,KC,KCZ6 (202612),research,supply_chain,commodity_profile,cache,cache,xai,grok-4-1-fast-reasoning,9e3bccad873f,,0,2,10,False,0,0,0
2026-03-16 10:09:14+00:00,KC-3e977c3d,KC,KCZ6 (202612),research,supply_chain,legacy,cache,cache,xai,grok-4-1-fast-reasoning,,,0,0,0.0,True,0,0,0
2026-03-16 10:09:15+00:00,KC-3e977c3d,KC,KCZ6 (202612),research,inventory,commodity_profile,cache,cache,anthropic,claude-sonnet-4-6,923c40ff4146,,0,0,82,False,0,0,0
2026-03-16 10:09:16+00:00,KC-3e977c3d,KC,KCZ6 (202612),research,inventory,legacy,cache,cache,anthropic,claude-sonnet-4-6,,,0,0,0.0,True,0,0,0
2026-03-16 10:09:17+00:00,KC-3e977c3d,KC,KCZ6 (202612),research,sentiment,commodity_profile,cache,cache,xai,grok-4-1-fast-reasoning,aec4c91a93de,,0,0,82,False,0,0,0
2026-03-16 10:09:17+00:00,KC-3e977c3d,KC,KCZ6 (202612),research,sentiment,legacy,cache,cache,xai,grok-4-1-fast-reasoning,,,0,0,0.0,True,0,0,0
2026-03-16 10:09:28+00:00,KC-3e977c3d,KC,KCZ6 (202612),research,macro,commodity_profile,openai,gpt-5.2,openai,gpt-5.2,2bcfb52a4025,,0,3,10,False,3169,578,15574.015855789185
2026-03-16 10:09:40+00:00,KC-3e977c3d,KC,KCZ6 (202612),research,agronomist,legacy,gemini,gemini-3.1-pro-preview,gemini,gemini-3.1-pro-preview,,,0,0,0.0,True,573,500,28861.409902572632
2026-03-16 10:09:48+00:00,KC-3e977c3d,KC,KCZ6 (202612),research,macro,legacy,openai,gpt-5.2,openai,gpt-5.2,,,0,0,0.0,True,714,1063,20108.03484916687
2026-03-16 10:09:51+00:00,KC-3e977c3d,KC,KCZ6 (202612),research,geopolitical,commodity_profile,gemini,gemini-3.1-pro-preview,gemini,gemini-3.1-pro-preview,76753e8c5f1d,,0,1,10,False,1881,341,37641.58272743225
2026-03-16 10:10:16+00:00,KC-3e977c3d,KC,KCZ6 (202612),research,geopolitical,legacy,gemini,gemini-3.1-pro-preview,gemini,gemini-3.1-pro-preview,,,0,0,0.0,True,485,385,24381.25705718994
2026-03-16 10:10:36+00:00,KC-3e977c3d,KC,KCZ6 (202612),research,volatility,commodity_profile,xai,grok-4-1-fast-reasoning,xai,grok-4-1-fast-reasoning,c08ba18ab119,,0,3,10,False,2843,271,11630.540370941162
2026-03-16 10:10:46+00:00,KC-3e977c3d,KC,KCZ6 (202612),research,volatility,legacy,xai,grok-4-1-fast-reasoning,xai,grok-4-1-fast-reasoning,,,0,0,0.0,True,576,265,8674.432754516602
2026-03-16 10:10:53+00:00,KC-3e977c3d,KC,KCZ6 (202612),research,technical,commodity_profile,openai,o3-2025-04-16,openai,o3-2025-04-16,07627e1eaadf,,0,3,10,False,2817,962,7307.235956192017
2026-03-16 10:11:12+00:00,KC-3e977c3d,KC,KCZ6 (202612),research,technical,legacy,openai,o3-2025-04-16,openai,o3-2025-04-16,,,0,0,0.0,True,558,1017,18943.47071647644
2026-03-16 10:11:46+00:00,KC-3e977c3d,KC,KCZ6 (202612),debate,permabear,legacy,anthropic,claude-sonnet-4-6,anthropic,claude-sonnet-4-6,2fd2d9277014,,0,0,0.0,False,5186,1424,33610.24570465088
2026-03-16 10:12:02+00:00,KC-3e977c3d,KC,KCZ6 (202612),debate,permabull,legacy,xai,grok-4-1-fast-reasoning,xai,grok-4-1-fast-reasoning,907c5282bd94,,0,0,0.0,False,5864,1097,16377.525329589844
2026-03-16 10:12:18+00:00,KC-3e977c3d,KC,KCZ6 (202612),decision,master,legacy,openai,gpt-5.2,openai,gpt-5.2,067e4f454c9a,,0,0,0.0,False,7688,839,16125.737428665161
2026-03-16 10:12:30+00:00,KC-3e977c3d,KC,KCZ6 (202612),compliance,compliance,legacy,anthropic,claude-sonnet-4-6,anthropic,claude-sonnet-4-6,067e4f454c9a,,0,0,0.0,False,6006,359,11424.351692199707
2026-03-16 13:59:48+00:00,KC-305f6127,KC,KCK6 (202605),research,macro,commodity_profile,openai,gpt-5.2,openai,gpt-5.2,2bcfb52a4025,,0,3,13,False,3230,461,11497.444868087769
2026-03-16 13:59:55+00:00,KC-305f6127,KC,KCK6 (202605),research,agronomist,commodity_profile,gemini,gemini-3.1-pro-preview,gemini,gemini-3.1-pro-preview,b9f5b17ca472,,0,3,13,False,3071,375,20270.957231521606
2026-03-16 13:59:58+00:00,KC-305f6127,KC,KCK6 (202605),research,geopolitical,commodity_profile,gemini,gemini-3.1-pro-preview,gemini,gemini-3.1-pro-preview,76753e8c5f1d,,0,0,13,False,1675,318,21005.874156951904
2026-03-16 14:00:08+00:00,KC-305f6127,KC,KCK6 (202605),research,macro,legacy,openai,gpt-5.2,openai,gpt-5.2,,,0,0,0.0,True,599,976,19832.075834274292
2026-03-16 14:00:10+00:00,KC-305f6127,KC,KCK6 (202605),research,sentiment,commodity_profile,xai,grok-4-1-fast-reasoning,xai,grok-4-1-fast-reasoning,aec4c91a93de,,0,0,13,False,1509,225,10758.172988891602
2026-03-16 14:00:13+00:00,KC-305f6127,KC,KCK6 (202605),research,inventory,commodity_profile,anthropic,claude-sonnet-4-6,anthropic,claude-sonnet-4-6,923c40ff4146,,0,0,13,False,1800,869,16426.95951461792
2026-03-16 14:00:14+00:00,KC-305f6127,KC,KCK6 (202605),research,agronomist,legacy,gemini,gemini-3.1-pro-preview,gemini,gemini-3.1-pro-preview,,,0,0,0.0,True,518,422,17589.79630470276
2026-03-16 14:00:16+00:00,KC-305f6127,KC,KCK6 (202605),research,supply_chain,commodity_profile,xai,grok-4-1-fast-reasoning,xai,grok-4-1-fast-reasoning,9e3bccad873f,,0,2,13,False,2309,301,20763.827800750732
2026-03-16 14:00:18+00:00,KC-305f6127,KC,KCK6 (202605),research,geopolitical,legacy,gemini,gemini-3.1-pro-preview,gemini,gemini-3.1-pro-preview,,,0,0,0.0,True,461,353,19935.062646865845
2026-03-16 14:00:19+00:00,KC-305f6127,KC,KCK6 (202605),research,sentiment,legacy,xai,grok-4-1-fast-reasoning,xai,grok-4-1-fast-reasoning,,,0,0,0.0,True,531,225,8028.799533843994
2026-03-16 14:00:30+00:00,KC-305f6127,KC,KCK6 (202605),research,supply_chain,legacy,xai,grok-4-1-fast-reasoning,xai,grok-4-1-fast-reasoning,,,0,0,0.0,True,596,323,13464.148044586182
2026-03-16 14:00:33+00:00,KC-305f6127,KC,KCK6 (202605),research,technical,commodity_profile,openai,o3-2025-04-16,openai,o3-2025-04-16,07627e1eaadf,,0,3,14,False,2740,1285,16472.032070159912
2026-03-16 14:00:35+00:00,KC-305f6127,KC,KCK6 (202605),research,volatility,commodity_profile,xai,grok-4-1-fast-reasoning,xai,grok-4-1-fast-reasoning,c08ba18ab119,,0,3,14,False,2691,360,11412.96935081482
2026-03-16 14:00:46+00:00,KC-305f6127,KC,KCK6 (202605),research,inventory,legacy,anthropic,claude-sonnet-4-6,anthropic,claude-sonnet-4-6,,,0,0,0.0,True,1032,1364,32469.125270843506
2026-03-16 14:00:46+00:00,KC-305f6127,KC,KCK6 (202605),research,volatility,legacy,xai,grok-4-1-fast-reasoning,xai,grok-4-1-fast-reasoning,,,0,0,0.0,True,663,349,11028.26452255249
2026-03-16 14:01:18+00:00,KC-305f6127,KC,KCK6 (202605),research,technical,legacy,openai,o3-2025-04-16,openai,o3-2025-04-16,,,0,0,0.0,True,627,2403,44476.539611816406
2026-03-16 14:01:59+00:00,KC-305f6127,KC,KCK6 (202605),debate,permabear,legacy,anthropic,claude-sonnet-4-6,anthropic,claude-sonnet-4-6,2fd2d9277014,,0,0,0.0,False,5829,1529,41065.885066986084
2026-03-16 14:02:23+00:00,KC-305f6127,KC,KCK6 (202605),debate,permabull,legacy,xai,grok-4-1-fast-reasoning,xai,grok-4-1-fast-reasoning,907c5282bd94,,0,0,0.0,False,6493,799,23764.96696472168
2026-03-16 14:02:52+00:00,KC-305f6127,KC,KCK6 (202605),decision,master,legacy,openai,gpt-5.2,openai,gpt-5.2,067e4f454c9a,,0,0,0.0,False,8015,768,29055.075645446777
2026-03-16 14:03:02+00:00,KC-305f6127,KC,KCK6 (202605),compliance,compliance,legacy,anthropic,claude-sonnet-4-6,anthropic,claude-sonnet-4-6,067e4f454c9a,,0,0,0.0,False,6578,329,10196.054935455322
2026-03-16 14:00:45+00:00,KC-2f703f9a,KC,KCN6 (202607),research,agronomist,commodity_profile,gemini,gemini-3.1-pro-preview,gemini,gemini-3.1-pro-preview,b9f5b17ca472,,0,3,14,False,3043,326,22883.257627487183
2026-03-16 14:00:48+00:00,KC-2f703f9a,KC,KCN6 (202607),research,macro,commodity_profile,openai,gpt-5.2,openai,gpt-5.2,2bcfb52a4025,,0,3,14,False,3213,572,10178.874731063843
2026-03-16 14:01:00+00:00,KC-2f703f9a,KC,KCN6 (202607),research,supply_chain,commodity_profile,xai,grok-4-1-fast-reasoning,xai,grok-4-1-fast-reasoning,9e3bccad873f,,0,2,62,False,2226,275,12155.45630455017
2026-03-16 14:01:03+00:00,KC-2f703f9a,KC,KCN6 (202607),research,geopolitical,commodity_profile,gemini,gemini-3.1-pro-preview,gemini,gemini-3.1-pro-preview,76753e8c5f1d,,0,0,14,False,1608,246,17021.52419090271
2026-03-16 14:01:05+00:00,KC-2f703f9a,KC,KCN6 (202607),research,macro,legacy,openai,gpt-5.2,openai,gpt-5.2,,,0,0,0.0,True,710,900,15920.28021812439
2026-03-16 14:01:12+00:00,KC-2f703f9a,KC,KCN6 (202607),research,supply_chain,legacy,xai,grok-4-1-fast-reasoning,xai,grok-4-1-fast-reasoning,,,0,0,0.0,True,581,386,10744.917392730713
2026-03-16 14:01:14+00:00,KC-2f703f9a,KC,KCN6 (202607),research,inventory,commodity_profile,anthropic,claude-sonnet-4-6,anthropic,claude-sonnet-4-6,923c40ff4146,,0,0,14,False,1904,870,19097.357511520386
2026-03-16 14:01:21+00:00,KC-2f703f9a,KC,KCN6 (202607),research,geopolitical,legacy,gemini,gemini-3.1-pro-preview,gemini,gemini-3.1-pro-preview,,,0,0,0.0,True,390,252,17313.137769699097
2026-03-16 14:01:30+00:00,KC-2f703f9a,KC,KCN6 (202607),research,sentiment,commodity_profile,xai,grok-4-1-fast-reasoning,xai,grok-4-1-fast-reasoning,aec4c91a93de,,0,0,86,False,1539,306,10932.920932769775
2026-03-16 14:01:42+00:00,KC-2f703f9a,KC,KCN6 (202607),research,agronomist,legacy,gemini,gemini-3.1-pro-preview,gemini,gemini-3.1-pro-preview,,,0,0,0.0,True,470,336,56535.75253486633
2026-03-16 14:01:46+00:00,KC-2f703f9a,KC,KCN6 (202607),research,sentiment,legacy,xai,grok-4-1-fast-reasoning,xai,grok-4-1-fast-reasoning,,,0,0,0.0,True,611,311,16154.512166976929
2026-03-16 14:01:46+00:00,KC-2f703f9a,KC,KCN6 (202607),research,inventory,legacy,anthropic,claude-sonnet-4-6,anthropic,claude-sonnet-4-6,,,0,0,0.0,True,1036,1484,31457.537412643433
2026-03-16 14:01:49+00:00,KC-2f703f9a,KC,KCN6 (202607),research,volatility,commodity_profile,xai,grok-4-1-fast-reasoning,xai,grok-4-1-fast-reasoning,c08ba18ab119,,0,2,14,False,2376,317,11880.629062652588
2026-03-16 14:01:59+00:00,KC-2f703f9a,KC,KCN6 (202607),research,volatility,legacy,xai,grok-4-1-fast-reasoning,xai,grok-4-1-fast-reasoning,,,0,0,0.0,True,619,309,9280.621767044067
2026-03-16 14:02:18+00:00,KC-2f703f9a,KC,KCN6 (202607),research,technical,commodity_profile,openai,o3-2025-04-16,openai,o3-2025-04-16,07627e1eaadf,,0,3,14,False,2821,892,23612.428665161133
2026-03-16 14:02:40+00:00,KC-2f703f9a,KC,KCN6 (202607),research,technical,legacy,openai,o3-2025-04-16,openai,o3-2025-04-16,,,0,0,0.0,True,556,888,21830.56092262268
2026-03-16 14:03:20+00:00,KC-2f703f9a,KC,KCN6 (202607),debate,permabear,legacy,anthropic,claude-sonnet-4-6,anthropic,claude-sonnet-4-6,2fd2d9277014,,0,0,0.0,False,5714,1583,39897.97019958496
2026-03-16 14:03:39+00:00,KC-2f703f9a,KC,KCN6 (202607),debate,permabull,legacy,xai,grok-4-1-fast-reasoning,xai,grok-4-1-fast-reasoning,907c5282bd94,,0,0,0.0,False,6513,1079,19298.05564880371
2026-03-16 14:03:57+00:00,KC-2f703f9a,KC,KCN6 (202607),decision,master,legacy,openai,gpt-5.2,openai,gpt-5.2,067e4f454c9a,,0,0,0.0,False,8309,772,17543.269634246826
2026-03-16 14:04:07+00:00,KC-2f703f9a,KC,KCN6 (202607),compliance,compliance,legacy,anthropic,claude-sonnet-4-6,anthropic,claude-sonnet-4-6,067e4f454c9a,,0,0,0.0,False,6477,344,9668.95318031311
2026-03-16 14:02:05+00:00,KC-3e8528ac,KC,KCU6 (202609),research,macro,commodity_profile,openai,gpt-5.2,openai,gpt-5.2,2bcfb52a4025,,0,3,14,False,3234,546,8782.552480697632
2026-03-16 14:02:29+00:00,KC-3e8528ac,KC,KCU6 (202609),research,macro,legacy,openai,gpt-5.2,openai,gpt-5.2,,,0,0,0.0,True,681,1065,22597.285509109497
2026-03-16 14:02:34+00:00,KC-3e8528ac,KC,KCU6 (202609),research,inventory,commodity_profile,anthropic,claude-sonnet-4-6,anthropic,claude-sonnet-4-6,923c40ff4146,,0,0,14,False,1938,852,18466.402530670166
2026-03-16 14:02:38+00:00,KC-3e8528ac,KC,KCU6 (202609),research,agronomist,commodity_profile,gemini,gemini-3.1-pro-preview,gemini,gemini-3.1-pro-preview,b9f5b17ca472,,0,3,14,False,3194,419,52944.830656051636
2026-03-16 14:02:42+00:00,KC-3e8528ac,KC,KCU6 (202609),research,supply_chain,commodity_profile,xai,grok-4-1-fast-reasoning,xai,grok-4-1-fast-reasoning,9e3bccad873f,,0,2,14,False,2258,441,17295.974016189575
2026-03-16 14:02:49+00:00,KC-3e8528ac,KC,KCU6 (202609),research,sentiment,commodity_profile,xai,grok-4-1-fast-reasoning,xai,grok-4-1-fast-reasoning,aec4c91a93de,,0,0,0,False,1560,232,11345.125913619995
2026-03-16 14:02:52+00:00,KC-3e8528ac,KC,KCU6 (202609),research,geopolitical,commodity_profile,gemini,gemini-3.1-pro-preview,gemini,gemini-3.1-pro-preview,76753e8c5f1d,,0,0,14,False,1604,315,44473.09231758118
2026-03-16 14:02:54+00:00,KC-3e8528ac,KC,KCU6 (202609),research,inventory,legacy,anthropic,claude-sonnet-4-6,anthropic,claude-sonnet-4-6,,,0,0,0.0,True,1026,993,19236.323595046997
2026-03-16 14:02:55+00:00,KC-3e8528ac,KC,KCU6 (202609),research,supply_chain,legacy,xai,grok-4-1-fast-reasoning,xai,grok-4-1-fast-reasoning,,,0,0,0.0,True,743,443,12801.26953125
2026-03-16 14:03:00+00:00,KC-3e8528ac,KC,KCU6 (202609),research,sentiment,legacy,xai,grok-4-1-fast-reasoning,xai,grok-4-1-fast-reasoning,,,0,0,0.0,True,534,255,9887.822389602661
2026-03-16 14:03:12+00:00,KC-3e8528ac,KC,KCU6 (202609),research,agronomist,legacy,gemini,gemini-3.1-pro-preview,gemini,gemini-3.1-pro-preview,,,0,0,0.0,True,562,449,32922.19638824463
2026-03-16 14:03:12+00:00,KC-3e8528ac,KC,KCU6 (202609),research,volatility,commodity_profile,xai,grok-4-1-fast-reasoning,xai,grok-4-1-fast-reasoning,c08ba18ab119,,0,2,14,False,2491,348,10774.97148513794
2026-03-16 14:03:21+00:00,KC-3e8528ac,KC,KCU6 (202609),research,technical,commodity_profile,openai,o3-2025-04-16,openai,o3-2025-04-16,07627e1eaadf,,0,3,14,False,2883,1292,25834.264516830444
2026-03-16 14:03:26+00:00,KC-3e8528ac,KC,KCU6 (202609),research,geopolitical,legacy,gemini,gemini-3.1-pro-preview,gemini,gemini-3.1-pro-preview,,,0,0,0.0,True,458,342,33114.84789848328
2026-03-16 14:03:27+00:00,KC-3e8528ac,KC,KCU6 (202609),research,volatility,legacy,xai,grok-4-1-fast-reasoning,xai,grok-4-1-fast-reasoning,,,0,0,0.0,True,649,249,13643.73254776001
2026-03-16 14:03:55+00:00,KC-3e8528ac,KC,KCU6 (202609),research,technical,legacy,openai,o3-2025-04-16,openai,o3-2025-04-16,,,0,0,0.0,True,504,1186,33986.939907073975
2026-03-16 14:04:32+00:00,KC-3e8528ac,KC,KCU6 (202609),debate,permabear,legacy,anthropic,claude-sonnet-4-6,anthropic,claude-sonnet-4-6,2fd2d9277014,,0,0,0.0,False,5424,1414,36914.058446884155
2026-03-16 14:04:50+00:00,KC-3e8528ac,KC,KCU6 (202609),debate,permabull,legacy,xai,grok-4-1-fast-reasoning,xai,grok-4-1-fast-reasoning,907c5282bd94,,0,0,0.0,False,6082,1063,17895.853996276855
2026-03-16 14:05:06+00:00,KC-3e8528ac,KC,KCU6 (202609),decision,master,legacy,openai,gpt-5.2,openai,gpt-5.2,067e4f454c9a,,0,0,0.0,False,7867,781,15886.28339767456
2026-03-16 14:05:16+00:00,KC-3e8528ac,KC,KCU6 (202609),compliance,compliance,legacy,anthropic,claude-sonnet-4-6,anthropic,claude-sonnet-4-6,067e4f454c9a,,0,0,0.0,False,6175,312,9621.893167495728
2026-03-16 14:03:03+00:00,KC-df709209,KC,KCZ6 (202612),research,agronomist,commodity_profile,cache,cache,gemini,gemini-3.1-pro-preview,b9f5b17ca472,,0,3,14,False,0,0,0
2026-03-16 14:03:05+00:00,KC-df709209,KC,KCZ6 (202612),research,macro,commodity_profile,cache,cache,openai,gpt-5.2,2bcfb52a4025,,0,3,14,False,0,0,0
2026-03-16 14:03:05+00:00,KC-df709209,KC,KCZ6 (202612),research,macro,legacy,cache,cache,openai,gpt-5.2,,,0,0,0.0,True,0,0,0
2026-03-16 14:03:06+00:00,KC-df709209,KC,KCZ6 (202612),research,geopolitical,commodity_profile,cache,cache,gemini,gemini-3.1-pro-preview,76753e8c5f1d,,0,0,14,False,0,0,0
2026-03-16 14:03:08+00:00,KC-df709209,KC,KCZ6 (202612),research,supply_chain,commodity_profile,cache,cache,xai,grok-4-1-fast-reasoning,9e3bccad873f,,0,2,14,False,0,0,0
2026-03-16 14:03:08+00:00,KC-df709209,KC,KCZ6 (202612),research,supply_chain,legacy,cache,cache,xai,grok-4-1-fast-reasoning,,,0,0,0.0,True,0,0,0
2026-03-16 14:03:10+00:00,KC-df709209,KC,KCZ6 (202612),research,sentiment,commodity_profile,cache,cache,xai,grok-4-1-fast-reasoning,aec4c91a93de,,0,0,0,False,0,0,0
2026-03-16 14:03:11+00:00,KC-df709209,KC,KCZ6 (202612),research,sentiment,legacy,cache,cache,xai,grok-4-1-fast-reasoning,,,0,0,0.0,True,0,0,0
2026-03-16 14:03:33+00:00,KC-df709209,KC,KCZ6 (202612),research,agronomist,legacy,gemini,gemini-3.1-pro-preview,gemini,gemini-3.1-pro-preview,,,0,0,0.0,True,562,463,29599.507570266724
2026-03-16 14:03:37+00:00,KC-df709209,KC,KCZ6 (202612),research,inventory,commodity_profile,anthropic,claude-sonnet-4-6,anthropic,claude-sonnet-4-6,923c40ff4146,,0,2,14,False,3623,1132,27623.592615127563
2026-03-16 14:04:01+00:00,KC-df709209,KC,KCZ6 (202612),research,technical,commodity_profile,openai,o3-2025-04-16,openai,o3-2025-04-16,07627e1eaadf,,0,3,86,False,2728,805,21427.557706832886
2026-03-16 14:04:06+00:00,KC-df709209,KC,KCZ6 (202612),research,geopolitical,legacy,gemini,gemini-3.1-pro-preview,gemini,gemini-3.1-pro-preview,,,0,0,0.0,True,458,347,58627.535581588745
2026-03-16 14:04:06+00:00,KC-df709209,KC,KCZ6 (202612),research,inventory,legacy,anthropic,claude-sonnet-4-6,anthropic,claude-sonnet-4-6,,,0,0,0.0,True,1319,1405,28554.779052734375
2026-03-16 14:04:20+00:00,KC-df709209,KC,KCZ6 (202612),research,volatility,commodity_profile,xai,grok-4-1-fast-reasoning,xai,grok-4-1-fast-reasoning,c08ba18ab119,,0,3,0,False,2883,314,17605.438947677612
2026-03-16 14:04:28+00:00,KC-df709209,KC,KCZ6 (202612),research,technical,legacy,openai,o3-2025-04-16,openai,o3-2025-04-16,,,0,0,0.0,True,531,1709,26999.481916427612
2026-03-16 14:04:29+00:00,KC-df709209,KC,KCZ6 (202612),research,volatility,legacy,xai,grok-4-1-fast-reasoning,xai,grok-4-1-fast-reasoning,,,0,0,0.0,True,620,245,8308.509826660156
2026-03-16 14:05:00+00:00,KC-df709209,KC,KCZ6 (202612),debate,permabear,legacy,anthropic,claude-sonnet-4-6,anthropic,claude-sonnet-4-6,2fd2d9277014,,0,0,0.0,False,5846,1328,30700.340032577515
2026-03-16 14:05:18+00:00,KC-df709209,KC,KCZ6 (202612),debate,permabull,legacy,xai,grok-4-1-fast-reasoning,xai,grok-4-1-fast-reasoning,907c5282bd94,,0,0,0.0,False,6373,1019,18368.42107772827
2026-03-16 14:05:36+00:00,KC-df709209,KC,KCZ6 (202612),decision,master,legacy,openai,gpt-5.2,openai,gpt-5.2,067e4f454c9a,,0,0,0.0,False,8107,756,17281.408548355103
2026-03-16 14:05:45+00:00,KC-df709209,KC,KCZ6 (202612),compliance,compliance,legacy,anthropic,claude-sonnet-4-6,anthropic,claude-sonnet-4-6,067e4f454c9a,,0,0,0.0,False,6601,320,9305.842876434326
2026-03-17 10:06:43+00:00,KC-4be00f0a,KC,KCK6 (202605),research,macro,commodity_profile,openai,gpt-5.2,openai,gpt-5.2,2bcfb52a4025,,0,3,10,False,3319,512,9723.271608352661
2026-03-17 10:06:57+00:00,KC-4be00f0a,KC,KCK6 (202605),research,agronomist,commodity_profile,gemini,gemini-3.1-pro-preview,gemini,gemini-3.1-pro-preview,b9f5b17ca472,,0,3,34,False,3110,388,18402.188301086426
2026-03-17 10:06:58+00:00,KC-4be00f0a,KC,KCK6 (202605),research,geopolitical,commodity_profile,gemini,gemini-3.1-pro-preview,gemini,gemini-3.1-pro-preview,76753e8c5f1d,,0,0,10,False,1665,379,20181.66208267212
2026-03-17 10:07:03+00:00,KC-4be00f0a,KC,KCK6 (202605),research,macro,legacy,openai,gpt-5.2,openai,gpt-5.2,,,0,0,0.0,True,650,956,19898.55146408081
2026-03-17 10:07:11+00:00,KC-4be00f0a,KC,KCK6 (202605),research,sentiment,commodity_profile,xai,grok-4-1-fast-reasoning,xai,grok-4-1-fast-reasoning,aec4c91a93de,,0,0,34,False,1510,331,13359.794616699219
2026-03-17 10:07:12+00:00,KC-4be00f0a,KC,KCK6 (202605),research,supply_chain,commodity_profile,xai,grok-4-1-fast-reasoning,xai,grok-4-1-fast-reasoning,9e3bccad873f,,0,2,34,False,2399,310,16679.727792739868
2026-03-17 10:07:17+00:00,KC-4be00f0a,KC,KCK6 (202605),research,geopolitical,legacy,gemini,gemini-3.1-pro-preview,gemini,gemini-3.1-pro-preview,,,0,0,0.0,True,521,457,17917.784452438354
2026-03-17 10:07:21+00:00,KC-4be00f0a,KC,KCK6 (202605),research,inventory,commodity_profile,anthropic,claude-sonnet-4-6,anthropic,claude-sonnet-4-6,923c40ff4146,,0,2,10,False,3599,1140,24617.21897125244
2026-03-17 10:07:22+00:00,KC-4be00f0a,KC,KCK6 (202605),research,sentiment,legacy,xai,grok-4-1-fast-reasoning,xai,grok-4-1-fast-reasoning,,,0,0,0.0,True,632,306,10565.174341201782
2026-03-17 10:07:24+00:00,KC-4be00f0a,KC,KCK6 (202605),research,agronomist,legacy,gemini,gemini-3.1-pro-preview,gemini,gemini-3.1-pro-preview,,,0,0,0.0,True,532,430,27085.100889205933
2026-03-17 10:07:26+00:00,KC-4be00f0a,KC,KCK6 (202605),research,technical,commodity_profile,openai,o3-2025-04-16,openai,o3-2025-04-16,07627e1eaadf,,0,3,34,False,2671,783,14506.614923477173
2026-03-17 10:07:28+00:00,KC-4be00f0a,KC,KCK6 (202605),research,supply_chain,legacy,xai,grok-4-1-fast-reasoning,xai,grok-4-1-fast-reasoning,,,0,0,0.0,True,615,338,15486.211061477661
2026-03-17 10:07:39+00:00,KC-4be00f0a,KC,KCK6 (202605),research,volatility,commodity_profile,xai,grok-4-1-fast-reasoning,xai,grok-4-1-fast-reasoning,c08ba18ab119,,0,2,10,False,2393,242,13432.068824768066
2026-03-17 10:07:47+00:00,KC-4be00f0a,KC,KCK6 (202605),research,inventory,legacy,anthropic,claude-sonnet-4-6,anthropic,claude-sonnet-4-6,,,0,0,0.0,True,1299,1248,25358.054161071777
2026-03-17 10:07:48+00:00,KC-4be00f0a,KC,KCK6 (202605),research,technical,legacy,openai,o3-2025-04-16,openai,o3-2025-04-16,,,0,0,0.0,True,510,893,22023.82755279541
2026-03-17 10:07:50+00:00,KC-4be00f0a,KC,KCK6 (202605),research,volatility,legacy,xai,grok-4-1-fast-reasoning,xai,grok-4-1-fast-reasoning,,,0,0,0.0,True,547,239,10243.943929672241
2026-03-17 10:08:21+00:00,KC-4be00f0a,KC,KCK6 (202605),debate,permabear,legacy,anthropic,claude-sonnet-4-6,anthropic,claude-sonnet-4-6,2fd2d9277014,,0,0,0.0,False,4853,1349,31413.72299194336
2026-03-17 10:08:40+00:00,KC-4be00f0a,KC,KCK6 (202605),debate,permabull,legacy,xai,grok-4-1-fast-reasoning,xai,grok-4-1-fast-reasoning,907c5282bd94,,0,0,0.0,False,5533,942,18893.20397377014
2026-03-17 10:08:54+00:00,KC-4be00f0a,KC,KCK6 (202605),decision,master,legacy,openai,gpt-5.2,openai,gpt-5.2,067e4f454c9a,,0,0,0.0,False,7207,662,13440.606832504272
2026-03-17 10:09:02+00:00,KC-4be00f0a,KC,KCK6 (202605),compliance,compliance,legacy,anthropic,claude-sonnet-4-6,anthropic,claude-sonnet-4-6,067e4f454c9a,,0,0,0.0,False,5500,302,7746.0198402404785
2026-03-17 10:07:31+00:00,KC-80a2b3c7,KC,KCN6 (202607),research,agronomist,commodity_profile,gemini,gemini-3.1-pro-preview,gemini,gemini-3.1-pro-preview,b9f5b17ca472,,0,3,10,False,3024,467,12689.75281715393
2026-03-17 10:07:45+00:00,KC-80a2b3c7,KC,KCN6 (202607),research,macro,commodity_profile,openai,gpt-5.2,openai,gpt-5.2,2bcfb52a4025,,0,3,10,False,3163,534,10254.779577255249
2026-03-17 10:07:52+00:00,KC-80a2b3c7,KC,KCN6 (202607),research,agronomist,legacy,gemini,gemini-3.1-pro-preview,gemini,gemini-3.1-pro-preview,,,0,0,0.0,True,609,531,20340.359687805176
2026-03-17 10:07:53+00:00,KC-80a2b3c7,KC,KCN6 (202607),research,supply_chain,commodity_profile,xai,grok-4-1-fast-reasoning,xai,grok-4-1-fast-reasoning,9e3bccad873f,,0,2,34,False,2347,242,9804.098844528198
2026-03-17 10:07:59+00:00,KC-80a2b3c7,KC,KCN6 (202607),research,geopolitical,commodity_profile,gemini,gemini-3.1-pro-preview,gemini,gemini-3.1-pro-preview,76753e8c5f1d,,0,0,34,False,1669,291,21190.292358398438
2026-03-17 10:08:02+00:00,KC-80a2b3c7,KC,KCN6 (202607),research,supply_chain,legacy,xai,grok-4-1-fast-reasoning,xai,grok-4-1-fast-reasoning,,,0,0,0.0,True,544,234,8824.378728866577
2026-03-17 10:08:07+00:00,KC-80a2b3c7,KC,KCN6 (202607),research,sentiment,commodity_profile,xai,grok-4-1-fast-reasoning,xai,grok-4-1-fast-reasoning,aec4c91a93de,,0,0,34,False,1495,279,8936.266899108887
2026-03-17 10:08:11+00:00,KC-80a2b3c7,KC,KCN6 (202607),research,macro,legacy,openai,gpt-5.2,openai,gpt-5.2,,,0,0,0.0,True,672,1083,26039.692878723145
2026-03-17 10:08:13+00:00,KC-80a2b3c7,KC,KCN6 (202607),research,inventory,commodity_profile,anthropic,claude-sonnet-4-6,anthropic,claude-sonnet-4-6,923c40ff4146,,0,2,10,False,3683,936,18449.65124130249
2026-03-17 10:08:14+00:00,KC-80a2b3c7,KC,KCN6 (202607),research,technical,commodity_profile,openai,o3-2025-04-16,openai,o3-2025-04-16,07627e1eaadf,,0,3,34,False,2784,704,10427.299737930298
2026-03-17 10:08:16+00:00,KC-80a2b3c7,KC,KCN6 (202607),research,sentiment,legacy,xai,grok-4-1-fast-reasoning,xai,grok-4-1-fast-reasoning,,,0,0,0.0,True,585,272,8780.720233917236
2026-03-17 10:08:19+00:00,KC-80a2b3c7,KC,KCN6 (202607),research,geopolitical,legacy,gemini,gemini-3.1-pro-preview,gemini,gemini-3.1-pro-preview,,,0,0,0.0,True,434,344,18546.58532142639
2026-03-17 10:08:32+00:00,KC-80a2b3c7,KC,KCN6 (202607),research,inventory,legacy,anthropic,claude-sonnet-4-6,anthropic,claude-sonnet-4-6,,,0,0,0.0,True,1110,897,18096.972465515137
2026-03-17 10:08:33+00:00,KC-80a2b3c7,KC,KCN6 (202607),research,volatility,commodity_profile,xai,grok-4-1-fast-reasoning,xai,grok-4-1-fast-reasoning,c08ba18ab119,,0,2,10,False,2396,247,10137.915849685669
2026-03-17 10:08:44+00:00,KC-80a2b3c7,KC,KCN6 (202607),research,technical,legacy,openai,o3-2025-04-16,openai,o3-2025-04-16,,,0,0,0.0,True,506,1434,29277.480125427246
2026-03-17 10:08:47+00:00,KC-80a2b3c7,KC,KCN6 (202607),research,volatility,legacy,xai,grok-4-1-fast-reasoning,xai,grok-4-1-fast-reasoning,,,0,0,0.0,True,552,236,13100.323915481567
2026-03-17 10:09:17+00:00,KC-80a2b3c7,KC,KCN6 (202607),debate,permabear,legacy,anthropic,claude-sonnet-4-6,anthropic,claude-sonnet-4-6,2fd2d9277014,,0,0,0.0,False,5112,1251,29553.510665893555
2026-03-17 10:09:39+00:00,KC-80a2b3c7,KC,KCN6 (202607),debate,permabull,legacy,xai,grok-4-1-fast-reasoning,xai,grok-4-1-fast-reasoning,907c5282bd94,,0,0,0.0,False,5635,921,21956.83741569519
2026-03-17 10:09:59+00:00,KC-80a2b3c7,KC,KCN6 (202607),decision,master,legacy,openai,gpt-5.2,openai,gpt-5.2,067e4f454c9a,,0,0,0.0,False,7293,887,19714.126110076904
2026-03-17 10:08:34+00:00,KC-b89248c2,KC,KCU6 (202609),research,macro,commodity_profile,openai,gpt-5.2,openai,gpt-5.2,2bcfb52a4025,,0,3,10,False,3265,594,9970.438718795776
2026-03-17 10:08:37+00:00,KC-b89248c2,KC,KCU6 (202609),research,agronomist,commodity_profile,gemini,gemini-3.1-pro-preview,gemini,gemini-3.1-pro-preview,b9f5b17ca472,,0,3,34,False,3074,350,14915.77434539795
2026-03-17 10:08:55+00:00,KC-b89248c2,KC,KCU6 (202609),research,macro,legacy,openai,gpt-5.2,openai,gpt-5.2,,,0,0,0.0,True,730,1049,19843.791961669922
2026-03-17 10:08:55+00:00,KC-b89248c2,KC,KCU6 (202609),research,supply_chain,commodity_profile,xai,grok-4-1-fast-reasoning,xai,grok-4-1-fast-reasoning,9e3bccad873f,,0,2,10,False,2316,345,11693.816423416138
2026-03-17 10:08:56+00:00,KC-b89248c2,KC,KCU6 (202609),research,agronomist,legacy,gemini,gemini-3.1-pro-preview,gemini,gemini-3.1-pro-preview,,,0,0,0.0,True,494,373,18713.253259658813
2026-03-17 10:09:02+00:00,KC-b89248c2,KC,KCU6 (202609),research,inventory,commodity_profile,anthropic,claude-sonnet-4-6,anthropic,claude-sonnet-4-6,923c40ff4146,,0,2,10,False,3658,929,20493.690252304077
2026-03-17 10:09:14+00:00,KC-b89248c2,KC,KCU6 (202609),research,geopolitical,commodity_profile,gemini,gemini-3.1-pro-preview,gemini,gemini-3.1-pro-preview,76753e8c5f1d,,0,0,34,False,1524,312,26735.384941101074
2026-03-17 10:09:16+00:00,KC-b89248c2,KC,KCU6 (202609),research,supply_chain,legacy,xai,grok-4-1-fast-reasoning,xai,grok-4-1-fast-reasoning,,,0,0,0.0,True,647,369,19788.355350494385
2026-03-17 10:09:26+00:00,KC-b89248c2,KC,KCU6 (202609),research,technical,commodity_profile,openai,o3-2025-04-16,openai,o3-2025-04-16,07627e1eaadf,,0,3,10,False,2888,822,10762.385368347168
2026-03-17 10:09:28+00:00,KC-b89248c2,KC,KCU6 (202609),research,sentiment,commodity_profile,xai,grok-4-1-fast-reasoning,xai,grok-4-1-fast-reasoning,aec4c91a93de,,0,0,10,False,1664,327,11880.563497543335
2026-03-17 10:09:30+00:00,KC-b89248c2,KC,KCU6 (202609),research,geopolitical,legacy,gemini,gemini-3.1-pro-preview,gemini,gemini-3.1-pro-preview,,,0,0,0.0,True,455,263,15707.939386367798
2026-03-17 10:09:35+00:00,KC-b89248c2,KC,KCU6 (202609),research,sentiment,legacy,xai,grok-4-1-fast-reasoning,xai,grok-4-1-fast-reasoning,,,0,0,0.0,True,632,313,7246.596336364746
2026-03-17 10:09:38+00:00,KC-b89248c2,KC,KCU6 (202609),research,volatility,commodity_profile,xai,grok-4-1-fast-reasoning,xai,grok-4-1-fast-reasoning,c08ba18ab119,,0,2,10,False,2388,267,8554.675340652466
2026-03-17 10:09:39+00:00,KC-b89248c2,KC,KCU6 (202609),research,inventory,legacy,anthropic,claude-sonnet-4-6,anthropic,claude-sonnet-4-6,,,0,0,0.0,True,1116,1190,36409.85608100891
2026-03-17 10:09:46+00:00,KC-b89248c2,KC,KCU6 (202609),research,technical,legacy,openai,o3-2025-04-16,openai,o3-2025-04-16,,,0,0,0.0,True,669,1149,19831.903219223022
2026-03-17 10:09:48+00:00,KC-b89248c2,KC,KCU6 (202609),research,volatility,legacy,xai,grok-4-1-fast-reasoning,xai,grok-4-1-fast-reasoning,,,0,0,0.0,True,571,255,9956.511974334717
2026-03-17 10:10:35+00:00,KC-b89248c2,KC,KCU6 (202609),debate,permabear,legacy,anthropic,claude-sonnet-4-6,anthropic,claude-sonnet-4-6,2fd2d9277014,,0,0,0.0,False,5736,1635,46670.191526412964
2026-03-17 10:11:00+00:00,KC-b89248c2,KC,KCU6 (202609),debate,permabull,legacy,xai,grok-4-1-fast-reasoning,xai,grok-4-1-fast-reasoning,907c5282bd94,,0,0,0.0,False,6528,973,24623.958826065063
2026-03-17 10:11:21+00:00,KC-b89248c2,KC,KCU6 (202609),decision,master,legacy,openai,gpt-5.2,openai,gpt-5.2,067e4f454c9a,,0,0,0.0,False,8237,985,21496.14906311035
2026-03-17 10:09:04+00:00,KC-e617e54d,KC,KCZ6 (202612),research,agronomist,commodity_profile,cache,cache,gemini,gemini-3.1-pro-preview,b9f5b17ca472,,0,3,34,False,0,0,0
2026-03-17 10:09:05+00:00,KC-e617e54d,KC,KCZ6 (202612),research,agronomist,legacy,cache,cache,gemini,gemini-3.1-pro-preview,,,0,0,0.0,True,0,0,0
2026-03-17 10:09:06+00:00,KC-e617e54d,KC,KCZ6 (202612),research,macro,commodity_profile,cache,cache,openai,gpt-5.2,2bcfb52a4025,,0,3,10,False,0,0,0
2026-03-17 10:09:07+00:00,KC-e617e54d,KC,KCZ6 (202612),research,macro,legacy,cache,cache,openai,gpt-5.2,,,0,0,0.0,True,0,0,0
2026-03-17 10:09:09+00:00,KC-e617e54d,KC,KCZ6 (202612),research,supply_chain,commodity_profile,cache,cache,xai,grok-4-1-fast-reasoning,9e3bccad873f,,0,2,10,False,0,0,0
2026-03-17 10:09:11+00:00,KC-e617e54d,KC,KCZ6 (202612),research,inventory,commodity_profile,cache,cache,anthropic,claude-sonnet-4-6,923c40ff4146,,0,2,10,False,0,0,0
2026-03-17 10:09:12+00:00,KC-e617e54d,KC,KCZ6 (202612),research,sentiment,commodity_profile,cache,cache,xai,grok-4-1-fast-reasoning,aec4c91a93de,,0,0,34,False,0,0,0
2026-03-17 10:09:13+00:00,KC-e617e54d,KC,KCZ6 (202612),research,sentiment,legacy,cache,cache,xai,grok-4-1-fast-reasoning,,,0,0,0.0,True,0,0,0
2026-03-17 10:09:27+00:00,KC-e617e54d,KC,KCZ6 (202612),research,supply_chain,legacy,xai,grok-4-1-fast-reasoning,xai,grok-4-1-fast-reasoning,,,0,0,0.0,True,647,362,17743.975162506104
2026-03-17 10:09:36+00:00,KC-e617e54d,KC,KCZ6 (202612),research,inventory,legacy,anthropic,claude-sonnet-4-6,anthropic,claude-sonnet-4-6,,,0,0,0.0,True,1116,933,24553.030014038086
2026-03-17 10:09:41+00:00,KC-e617e54d,KC,KCZ6 (202612),research,geopolitical,commodity_profile,gemini,gemini-3.1-pro-preview,gemini,gemini-3.1-pro-preview,76753e8c5f1d,,0,0,34,False,1524,360,32886.71112060547
2026-03-17 10:10:12+00:00,KC-e617e54d,KC,KCZ6 (202612),research,geopolitical,legacy,gemini,gemini-3.1-pro-preview,gemini,gemini-3.1-pro-preview,,,0,0,0.0,True,502,388,31135.598182678223
2026-03-17 10:10:12+00:00,KC-e617e54d,KC,KCZ6 (202612),research,volatility,commodity_profile,xai,grok-4-1-fast-reasoning,xai,grok-4-1-fast-reasoning,c08ba18ab119,,0,3,10,False,2855,309,22402.78959274292
2026-03-17 10:10:23+00:00,KC-e617e54d,KC,KCZ6 (202612),research,volatility,legacy,xai,grok-4-1-fast-reasoning,xai,grok-4-1-fast-reasoning,,,0,0,0.0,True,611,352,9712.88275718689
2026-03-17 10:10:38+00:00,KC-e617e54d,KC,KCZ6 (202612),research,technical,commodity_profile,openai,o3-2025-04-16,openai,o3-2025-04-16,07627e1eaadf,,0,3,10,False,2795,1113,25898.823976516724
2026-03-17 10:11:02+00:00,KC-e617e54d,KC,KCZ6 (202612),research,technical,legacy,openai,o3-2025-04-16,openai,o3-2025-04-16,,,0,0,0.0,True,570,1027,23634.642839431763
2026-03-17 10:11:45+00:00,KC-e617e54d,KC,KCZ6 (202612),debate,permabear,legacy,anthropic,claude-sonnet-4-6,anthropic,claude-sonnet-4-6,2fd2d9277014,,0,0,0.0,False,5496,1458,42644.190311431885
2026-03-17 10:11:59+00:00,KC-e617e54d,KC,KCZ6 (202612),debate,permabull,legacy,xai,grok-4-1-fast-reasoning,xai,grok-4-1-fast-reasoning,907c5282bd94,,0,0,0.0,False,6144,788,13825.099229812622
2026-03-17 10:12:16+00:00,KC-e617e54d,KC,KCZ6 (202612),decision,master,legacy,openai,gpt-5.2,openai,gpt-5.2,067e4f454c9a,,0,0,0.0,False,7669,739,17148.686170578003
2026-03-17 10:10:00+00:00,KC-9bface0d,KC,KCH7 (202703),research,agronomist,commodity_profile,cache,cache,gemini,gemini-3.1-pro-preview,b9f5b17ca472,,0,3,34,False,0,0,0
2026-03-17 10:10:01+00:00,KC-9bface0d,KC,KCH7 (202703),research,agronomist,legacy,cache,cache,gemini,gemini-3.1-pro-preview,,,0,0,0.0,True,0,0,0
2026-03-17 10:10:02+00:00,KC-9bface0d,KC,KCH7 (202703),research,macro,commodity_profile,cache,cache,openai,gpt-5.2,2bcfb52a4025,,0,3,10,False,0,0,0
2026-03-17 10:10:03+00:00,KC-9bface0d,KC,KCH7 (202703),research,macro,legacy,cache,cache,openai,gpt-5.2,,,0,0,0.0,True,0,0,0
2026-03-17 10:10:04+00:00,KC-9bface0d,KC,KCH7 (202703),research,geopolitical,commodity_profile,cache,cache,gemini,gemini-3.1-pro-preview,76753e8c5f1d,,0,0,34,False,0,0,0
2026-03-17 10:10:06+00:00,KC-9bface0d,KC,KCH7 (202703),research,supply_chain,commodity_profile,cache,cache,xai,grok-4-1-fast-reasoning,9e3bccad873f,,0,2,10,False,0,0,0
2026-03-17 10:10:07+00:00,KC-9bface0d,KC,KCH7 (202703),research,supply_chain,legacy,cache,cache,xai,grok-4-1-fast-reasoning,,,0,0,0.0,True,0,0,0
2026-03-17 10:10:08+00:00,KC-9bface0d,KC,KCH7 (202703),research,inventory,commodity_profile,cache,cache,anthropic,claude-sonnet-4-6,923c40ff4146,,0,2,10,False,0,0,0
2026-03-17 10:10:08+00:00,KC-9bface0d,KC,KCH7 (202703),research,inventory,legacy,cache,cache,anthropic,claude-sonnet-4-6,,,0,0,0.0,True,0,0,0
2026-03-17 10:10:10+00:00,KC-9bface0d,KC,KCH7 (202703),research,sentiment,commodity_profile,cache,cache,xai,grok-4-1-fast-reasoning,aec4c91a93de,,0,0,10,False,0,0,0
2026-03-17 10:10:10+00:00,KC-9bface0d,KC,KCH7 (202703),research,sentiment,legacy,cache,cache,xai,grok-4-1-fast-reasoning,,,0,0,0.0,True,0,0,0
2026-03-17 10:10:33+00:00,KC-9bface0d,KC,KCH7 (202703),research,geopolitical,legacy,gemini,gemini-3.1-pro-preview,gemini,gemini-3.1-pro-preview,,,0,0,0.0,True,502,435,28507.48324394226
2026-03-17 10:10:53+00:00,KC-9bface0d,KC,KCH7 (202703),research,technical,commodity_profile,openai,o3-2025-04-16,openai,o3-2025-04-16,07627e1eaadf,,0,3,10,False,2876,1112,18298.85697364807
2026-03-17 10:10:59+00:00,KC-9bface0d,KC,KCH7 (202703),research,volatility,commodity_profile,xai,grok-4-1-fast-reasoning,xai,grok-4-1-fast-reasoning,c08ba18ab119,,0,2,10,False,2343,322,13608.124256134033
2026-03-17 10:11:11+00:00,KC-9bface0d,KC,KCH7 (202703),research,volatility,legacy,xai,grok-4-1-fast-reasoning,xai,grok-4-1-fast-reasoning,,,0,0,0.0,True,624,340,11322.704553604126
2026-03-17 10:11:25+00:00,KC-9bface0d,KC,KCH7 (202703),research,technical,legacy,openai,o3-2025-04-16,openai,o3-2025-04-16,,,0,0,0.0,True,579,1275,31433.21990966797
2026-03-17 10:12:00+00:00,KC-9bface0d,KC,KCH7 (202703),debate,permabear,legacy,anthropic,claude-sonnet-4-6,anthropic,claude-sonnet-4-6,2fd2d9277014,,0,0,0.0,False,5765,1403,34730.97538948059
2026-03-17 10:12:15+00:00,KC-9bface0d,KC,KCH7 (202703),debate,permabull,legacy,xai,grok-4-1-fast-reasoning,xai,grok-4-1-fast-reasoning,907c5282bd94,,0,0,0.0,False,6346,828,15791.574001312256
2026-03-17 10:12:33+00:00,KC-9bface0d,KC,KCH7 (202703),decision,master,legacy,openai,gpt-5.2,openai,gpt-5.2,067e4f454c9a,,0,0,0.0,False,7916,893,17103.870391845703
2026-03-17 10:12:42+00:00,KC-9bface0d,KC,KCH7 (202703),compliance,compliance,legacy,anthropic,claude-sonnet-4-6,anthropic,claude-sonnet-4-6,067e4f454c9a,,0,0,0.0,False,6659,412,9079.216480255127
2026-03-17 13:59:50+00:00,KC-1ddd18e5,KC,KCK6 (202605),research,macro,commodity_profile,openai,gpt-5.2,openai,gpt-5.2,2bcfb52a4025,,0,3,13,False,3257,601,16058.728218078613
2026-03-17 13:59:59+00:00,KC-1ddd18e5,KC,KCK6 (202605),research,agronomist,commodity_profile,gemini,gemini-3.1-pro-preview,gemini,gemini-3.1-pro-preview,b9f5b17ca472,,0,3,13,False,3086,348,20817.08264350891
2026-03-17 14:00:00+00:00,KC-1ddd18e5,KC,KCK6 (202605),research,geopolitical,commodity_profile,gemini,gemini-3.1-pro-preview,gemini,gemini-3.1-pro-preview,76753e8c5f1d,,0,0,13,False,1704,428,22065.221548080444
2026-03-17 14:00:08+00:00,KC-1ddd18e5,KC,KCK6 (202605),research,supply_chain,commodity_profile,xai,grok-4-1-fast-reasoning,xai,grok-4-1-fast-reasoning,9e3bccad873f,,0,2,13,False,2370,325,16327.604055404663
2026-03-17 14:00:13+00:00,KC-1ddd18e5,KC,KCK6 (202605),research,sentiment,commodity_profile,xai,grok-4-1-fast-reasoning,xai,grok-4-1-fast-reasoning,aec4c91a93de,,0,0,37,False,1498,273,13865.990400314331
2026-03-17 14:00:15+00:00,KC-1ddd18e5,KC,KCK6 (202605),research,macro,legacy,openai,gpt-5.2,openai,gpt-5.2,,,0,0,0.0,True,739,1164,23959.57040786743
2026-03-17 14:00:18+00:00,KC-1ddd18e5,KC,KCK6 (202605),research,supply_chain,legacy,xai,grok-4-1-fast-reasoning,xai,grok-4-1-fast-reasoning,,,0,0,0.0,True,627,367,9140.540599822998
2026-03-17 14:00:19+00:00,KC-1ddd18e5,KC,KCK6 (202605),research,geopolitical,legacy,gemini,gemini-3.1-pro-preview,gemini,gemini-3.1-pro-preview,,,0,0,0.0,True,571,394,18957.49258995056
2026-03-17 14:00:25+00:00,KC-1ddd18e5,KC,KCK6 (202605),research,technical,commodity_profile,openai,o3-2025-04-16,openai,o3-2025-04-16,07627e1eaadf,,0,3,14,False,2729,546,11944.936990737915
2026-03-17 14:00:25+00:00,KC-1ddd18e5,KC,KCK6 (202605),research,agronomist,legacy,gemini,gemini-3.1-pro-preview,gemini,gemini-3.1-pro-preview,,,0,0,0.0,True,492,378,25769.55223083496
2026-03-17 14:00:25+00:00,KC-1ddd18e5,KC,KCK6 (202605),research,sentiment,legacy,xai,grok-4-1-fast-reasoning,xai,grok-4-1-fast-reasoning,,,0,0,0.0,True,578,327,11819.797992706299
2026-03-17 14:00:47+00:00,KC-1ddd18e5,KC,KCK6 (202605),research,volatility,commodity_profile,xai,grok-4-1-fast-reasoning,xai,grok-4-1-fast-reasoning,c08ba18ab119,,0,2,14,False,2427,302,13874.413967132568
2026-03-17 14:00:47+00:00,KC-1ddd18e5,KC,KCK6 (202605),research,technical,legacy,openai,o3-2025-04-16,openai,o3-2025-04-16,,,0,0,0.0,True,526,776,21904.84571456909
2026-03-17 14:00:58+00:00,KC-1ddd18e5,KC,KCK6 (202605),research,volatility,legacy,xai,grok-4-1-fast-reasoning,xai,grok-4-1-fast-reasoning,,,0,0,0.0,True,608,293,10429.771184921265
2026-03-17 14:01:00+00:00,KC-1ddd18e5,KC,KCK6 (202605),research,inventory,commodity_profile,anthropic,claude-sonnet-4-6,anthropic,claude-sonnet-4-6,923c40ff4146,,0,2,134,False,3459,678,15034.527778625488
2026-03-17 14:01:18+00:00,KC-1ddd18e5,KC,KCK6 (202605),research,inventory,legacy,anthropic,claude-sonnet-4-6,anthropic,claude-sonnet-4-6,,,0,0,0.0,True,866,787,16878.392219543457
2026-03-17 14:01:53+00:00,KC-1ddd18e5,KC,KCK6 (202605),debate,permabear,legacy,anthropic,claude-sonnet-4-6,anthropic,claude-sonnet-4-6,2fd2d9277014,,0,0,0.0,False,5065,1455,35141.30163192749
2026-03-17 14:02:18+00:00,KC-1ddd18e5,KC,KCK6 (202605),debate,permabull,legacy,xai,grok-4-1-fast-reasoning,xai,grok-4-1-fast-reasoning,907c5282bd94,,0,0,0.0,False,5810,985,24601.84621810913
2026-03-17 14:02:36+00:00,KC-1ddd18e5,KC,KCK6 (202605),decision,master,legacy,openai,gpt-5.2,openai,gpt-5.2,067e4f454c9a,,0,0,0.0,False,7505,830,18216.809034347534
2026-03-17 14:01:01+00:00,KC-a26a1872,KC,KCN6 (202607),research,agronomist,commodity_profile,gemini,gemini-3.1-pro-preview,gemini,gemini-3.1-pro-preview,b9f5b17ca472,,0,3,14,False,3050,336,20410.184621810913
2026-03-17 14:01:05+00:00,KC-a26a1872,KC,KCN6 (202607),research,macro,commodity_profile,openai,gpt-5.2,openai,gpt-5.2,2bcfb52a4025,,0,3,14,False,3262,609,11374.186515808105
2026-03-17 14:01:18+00:00,KC-a26a1872,KC,KCN6 (202607),research,agronomist,legacy,gemini,gemini-3.1-pro-preview,gemini,gemini-3.1-pro-preview,,,0,0,0.0,True,480,373,16312.026023864746
2026-03-17 14:01:19+00:00,KC-a26a1872,KC,KCN6 (202607),research,supply_chain,commodity_profile,xai,grok-4-1-fast-reasoning,xai,grok-4-1-fast-reasoning,9e3bccad873f,,0,2,14,False,2261,392,10839.58649635315
2026-03-17 14:01:22+00:00,KC-a26a1872,KC,KCN6 (202607),research,geopolitical,commodity_profile,gemini,gemini-3.1-pro-preview,gemini,gemini-3.1-pro-preview,76753e8c5f1d,,0,0,14,False,1543,285,19418.1706905365
2026-03-17 14:01:28+00:00,KC-a26a1872,KC,KCN6 (202607),research,macro,legacy,openai,gpt-5.2,openai,gpt-5.2,,,0,0,0.0,True,745,1143,22240.52596092224
2026-03-17 14:01:34+00:00,KC-a26a1872,KC,KCN6 (202607),research,supply_chain,legacy,xai,grok-4-1-fast-reasoning,xai,grok-4-1-fast-reasoning,,,0,0,0.0,True,694,341,14376.70373916626
2026-03-17 14:01:35+00:00,KC-a26a1872,KC,KCN6 (202607),research,sentiment,commodity_profile,xai,grok-4-1-fast-reasoning,xai,grok-4-1-fast-reasoning,aec4c91a93de,,0,0,14,False,1506,293,9844.573497772217
2026-03-17 14:01:36+00:00,KC-a26a1872,KC,KCN6 (202607),research,inventory,commodity_profile,anthropic,claude-sonnet-4-6,anthropic,claude-sonnet-4-6,923c40ff4146,,0,2,14,False,3692,1100,23723.41561317444
2026-03-17 14:01:46+00:00,KC-a26a1872,KC,KCN6 (202607),research,sentiment,legacy,xai,grok-4-1-fast-reasoning,xai,grok-4-1-fast-reasoning,,,0,0,0.0,True,598,290,9791.741132736206
2026-03-17 14:01:46+00:00,KC-a26a1872,KC,KCN6 (202607),research,geopolitical,legacy,gemini,gemini-3.1-pro-preview,gemini,gemini-3.1-pro-preview,,,0,0,0.0,True,428,290,23406.8706035614
2026-03-17 14:01:58+00:00,KC-a26a1872,KC,KCN6 (202607),research,technical,commodity_profile,openai,o3-2025-04-16,openai,o3-2025-04-16,07627e1eaadf,,0,3,14,False,2806,745,13511.806726455688
2026-03-17 14:01:59+00:00,KC-a26a1872,KC,KCN6 (202607),research,volatility,commodity_profile,xai,grok-4-1-fast-reasoning,xai,grok-4-1-fast-reasoning,c08ba18ab119,,0,2,14,False,2420,206,20422.495365142822
2026-03-17 14:02:05+00:00,KC-a26a1872,KC,KCN6 (202607),research,inventory,legacy,anthropic,claude-sonnet-4-6,anthropic,claude-sonnet-4-6,,,0,0,0.0,True,1274,1384,28804.55231666565
2026-03-17 14:02:14+00:00,KC-a26a1872,KC,KCN6 (202607),research,volatility,legacy,xai,grok-4-1-fast-reasoning,xai,grok-4-1-fast-reasoning,,,0,0,0.0,True,512,181,14016.365766525269
2026-03-17 14:02:20+00:00,KC-a26a1872,KC,KCN6 (202607),research,technical,legacy,openai,o3-2025-04-16,openai,o3-2025-04-16,,,0,0,0.0,True,537,725,21196.077585220337
2026-03-17 14:02:58+00:00,KC-a26a1872,KC,KCN6 (202607),debate,permabear,legacy,anthropic,claude-sonnet-4-6,anthropic,claude-sonnet-4-6,2fd2d9277014,,0,0,0.0,False,5442,1599,37839.67423439026
2026-03-17 14:03:15+00:00,KC-a26a1872,KC,KCN6 (202607),debate,permabull,legacy,xai,grok-4-1-fast-reasoning,xai,grok-4-1-fast-reasoning,907c5282bd94,,0,0,0.0,False,6279,1155,17518.049240112305
2026-03-17 14:03:31+00:00,KC-a26a1872,KC,KCN6 (202607),decision,master,legacy,openai,gpt-5.2,openai,gpt-5.2,067e4f454c9a,,0,0,0.0,False,8158,658,15717.230319976807
2026-03-17 14:02:02+00:00,KC-6824b223,KC,KCU6 (202609),research,agronomist,commodity_profile,gemini,gemini-3.1-pro-preview,gemini,gemini-3.1-pro-preview,b9f5b17ca472,,0,3,14,False,3000,439,16744.309663772583
2026-03-17 14:02:11+00:00,KC-6824b223,KC,KCU6 (202609),research,macro,commodity_profile,openai,gpt-5.2,openai,gpt-5.2,2bcfb52a4025,,0,3,0,False,3201,556,11359.774827957153
2026-03-17 14:02:21+00:00,KC-6824b223,KC,KCU6 (202609),research,agronomist,legacy,gemini,gemini-3.1-pro-preview,gemini,gemini-3.1-pro-preview,,,0,0,0.0,True,583,334,17797.811269760132
2026-03-17 14:02:23+00:00,KC-6824b223,KC,KCU6 (202609),research,supply_chain,commodity_profile,xai,grok-4-1-fast-reasoning,xai,grok-4-1-fast-reasoning,9e3bccad873f,,0,2,14,False,2290,351,13766.143083572388
2026-03-17 14:02:26+00:00,KC-6824b223,KC,KCU6 (202609),research,geopolitical,commodity_profile,gemini,gemini-3.1-pro-preview,gemini,gemini-3.1-pro-preview,76753e8c5f1d,,0,0,14,False,1493,359,20177.73175239563
2026-03-17 14:02:34+00:00,KC-6824b223,KC,KCU6 (202609),research,macro,legacy,openai,gpt-5.2,openai,gpt-5.2,,,0,0,0.0,True,694,1142,22628.02481651306
2026-03-17 14:02:48+00:00,KC-6824b223,KC,KCU6 (202609),research,geopolitical,legacy,gemini,gemini-3.1-pro-preview,gemini,gemini-3.1-pro-preview,,,0,0,0.0,True,501,393,20742.93828010559
2026-03-17 14:02:48+00:00,KC-6824b223,KC,KCU6 (202609),research,sentiment,commodity_profile,xai,grok-4-1-fast-reasoning,xai,grok-4-1-fast-reasoning,aec4c91a93de,,0,0,38,False,1538,290,22316.184520721436
2026-03-17 14:02:49+00:00,KC-6824b223,KC,KCU6 (202609),research,supply_chain,legacy,xai,grok-4-1-fast-reasoning,xai,grok-4-1-fast-reasoning,,,0,0,0.0,True,656,358,24822.011709213257
2026-03-17 14:02:49+00:00,KC-6824b223,KC,KCU6 (202609),research,inventory,commodity_profile,anthropic,claude-sonnet-4-6,anthropic,claude-sonnet-4-6,923c40ff4146,,0,2,14,False,3514,1049,28013.218879699707
2026-03-17 14:02:56+00:00,KC-6824b223,KC,KCU6 (202609),research,sentiment,legacy,xai,grok-4-1-fast-reasoning,xai,grok-4-1-fast-reasoning,,,0,0,0.0,True,596,272,7091.240644454956
2026-03-17 14:03:07+00:00,KC-6824b223,KC,KCU6 (202609),research,volatility,commodity_profile,xai,grok-4-1-fast-reasoning,xai,grok-4-1-fast-reasoning,c08ba18ab119,,0,2,14,False,2399,326,14816.595792770386
2026-03-17 14:03:13+00:00,KC-6824b223,KC,KCU6 (202609),research,technical,commodity_profile,openai,o3-2025-04-16,openai,o3-2025-04-16,07627e1eaadf,,0,3,14,False,2759,817,25439.812421798706
2026-03-17 14:03:20+00:00,KC-6824b223,KC,KCU6 (202609),research,volatility,legacy,xai,grok-4-1-fast-reasoning,xai,grok-4-1-fast-reasoning,,,0,0,0.0,True,628,328,12796.523332595825
2026-03-17 14:03:21+00:00,KC-6824b223,KC,KCU6 (202609),research,inventory,legacy,anthropic,claude-sonnet-4-6,anthropic,claude-sonnet-4-6,,,0,0,0.0,True,1205,1623,31647.956132888794
2026-03-17 14:03:43+00:00,KC-6824b223,KC,KCU6 (202609),research,technical,legacy,openai,o3-2025-04-16,openai,o3-2025-04-16,,,0,0,0.0,True,653,851,28736.223697662354
2026-03-17 14:04:12+00:00,KC-6824b223,KC,KCU6 (202609),debate,permabear,legacy,anthropic,claude-sonnet-4-6,anthropic,claude-sonnet-4-6,2fd2d9277014,,0,0,0.0,False,6120,1117,28567.25311279297
2026-03-17 14:04:33+00:00,KC-6824b223,KC,KCU6 (202609),debate,permabull,legacy,xai,grok-4-1-fast-reasoning,xai,grok-4-1-fast-reasoning,907c5282bd94,,0,0,0.0,False,6384,785,20602.946043014526
2026-03-17 14:04:48+00:00,KC-6824b223,KC,KCU6 (202609),decision,master,legacy,openai,gpt-5.2,openai,gpt-5.2,067e4f454c9a,,0,0,0.0,False,7889,781,15090.94762802124
2026-03-17 14:02:38+00:00,KC-293411a9,KC,KCZ6 (202612),research,agronomist,commodity_profile,cache,cache,gemini,gemini-3.1-pro-preview,b9f5b17ca472,,0,3,14,False,0,0,0
2026-03-17 14:02:39+00:00,KC-293411a9,KC,KCZ6 (202612),research,agronomist,legacy,cache,cache,gemini,gemini-3.1-pro-preview,,,0,0,0.0,True,0,0,0
2026-03-17 14:02:40+00:00,KC-293411a9,KC,KCZ6 (202612),research,macro,commodity_profile,cache,cache,openai,gpt-5.2,2bcfb52a4025,,0,3,0,False,0,0,0
2026-03-17 14:02:40+00:00,KC-293411a9,KC,KCZ6 (202612),research,macro,legacy,cache,cache,openai,gpt-5.2,,,0,0,0.0,True,0,0,0
2026-03-17 14:02:41+00:00,KC-293411a9,KC,KCZ6 (202612),research,geopolitical,commodity_profile,cache,cache,gemini,gemini-3.1-pro-preview,76753e8c5f1d,,0,0,14,False,0,0,0
2026-03-17 14:02:43+00:00,KC-293411a9,KC,KCZ6 (202612),research,supply_chain,commodity_profile,cache,cache,xai,grok-4-1-fast-reasoning,9e3bccad873f,,0,2,14,False,0,0,0
2026-03-17 14:02:59+00:00,KC-293411a9,KC,KCZ6 (202612),research,sentiment,commodity_profile,xai,grok-4-1-fast-reasoning,xai,grok-4-1-fast-reasoning,aec4c91a93de,,0,0,38,False,1538,298,13302.083492279053
2026-03-17 14:03:03+00:00,KC-293411a9,KC,KCZ6 (202612),research,supply_chain,legacy,xai,grok-4-1-fast-reasoning,xai,grok-4-1-fast-reasoning,,,0,0,0.0,True,656,364,19673.299551010132
2026-03-17 14:03:08+00:00,KC-293411a9,KC,KCZ6 (202612),research,sentiment,legacy,xai,grok-4-1-fast-reasoning,xai,grok-4-1-fast-reasoning,,,0,0,0.0,True,600,290,7479.954242706299
2026-03-17 14:03:10+00:00,KC-293411a9,KC,KCZ6 (202612),research,geopolitical,legacy,gemini,gemini-3.1-pro-preview,gemini,gemini-3.1-pro-preview,,,0,0,0.0,True,501,403,27740.238904953003
2026-03-17 14:03:12+00:00,KC-293411a9,KC,KCZ6 (202612),research,inventory,commodity_profile,anthropic,claude-sonnet-4-6,anthropic,claude-sonnet-4-6,923c40ff4146,,0,2,14,False,3350,1012,26895.552396774292
2026-03-17 14:03:43+00:00,KC-293411a9,KC,KCZ6 (202612),research,inventory,legacy,anthropic,claude-sonnet-4-6,anthropic,claude-sonnet-4-6,,,0,0,0.0,True,1190,1492,30171.12445831299
2026-03-17 14:03:43+00:00,KC-293411a9,KC,KCZ6 (202612),research,volatility,commodity_profile,xai,grok-4-1-fast-reasoning,xai,grok-4-1-fast-reasoning,c08ba18ab119,,0,3,14,False,2833,321,22262.71080970764
2026-03-17 14:03:47+00:00,KC-293411a9,KC,KCZ6 (202612),research,technical,commodity_profile,openai,o3-2025-04-16,openai,o3-2025-04-16,07627e1eaadf,,0,3,0,False,2733,766,22448.090076446533
2026-03-17 14:03:51+00:00,KC-293411a9,KC,KCZ6 (202612),research,volatility,legacy,xai,grok-4-1-fast-reasoning,xai,grok-4-1-fast-reasoning,,,0,0,0.0,True,625,292,7877.302169799805
2026-03-17 14:04:06+00:00,KC-293411a9,KC,KCZ6 (202612),research,technical,legacy,openai,o3-2025-04-16,openai,o3-2025-04-16,,,0,0,0.0,True,609,760,18489.55488204956
2026-03-17 14:04:35+00:00,KC-293411a9,KC,KCZ6 (202612),debate,permabear,legacy,anthropic,claude-sonnet-4-6,anthropic,claude-sonnet-4-6,2fd2d9277014,,0,0,0.0,False,5790,1132,28774.741172790527
2026-03-17 14:04:51+00:00,KC-293411a9,KC,KCZ6 (202612),debate,permabull,legacy,xai,grok-4-1-fast-reasoning,xai,grok-4-1-fast-reasoning,907c5282bd94,,0,0,0.0,False,6144,659,16372.509956359863
2026-03-17 14:05:06+00:00,KC-293411a9,KC,KCZ6 (202612),decision,master,legacy,openai,gpt-5.2,openai,gpt-5.2,067e4f454c9a,,0,0,0.0,False,7535,694,14663.259029388428
2026-03-17 14:05:15+00:00,KC-293411a9,KC,KCZ6 (202612),compliance,compliance,legacy,anthropic,claude-sonnet-4-6,anthropic,claude-sonnet-4-6,067e4f454c9a,,0,0,0.0,False,6445,309,8881.837129592896
2026-03-17 14:03:33+00:00,KC-0248f52d,KC,KCH7 (202703),research,agronomist,commodity_profile,cache,cache,gemini,gemini-3.1-pro-preview,b9f5b17ca472,,0,3,14,False,0,0,0
2026-03-17 14:03:34+00:00,KC-0248f52d,KC,KCH7 (202703),research,agronomist,legacy,cache,cache,gemini,gemini-3.1-pro-preview,,,0,0,0.0,True,0,0,0
2026-03-17 14:03:35+00:00,KC-0248f52d,KC,KCH7 (202703),research,macro,commodity_profile,cache,cache,openai,gpt-5.2,2bcfb52a4025,,0,3,0,False,0,0,0
2026-03-17 14:03:35+00:00,KC-0248f52d,KC,KCH7 (202703),research,macro,legacy,cache,cache,openai,gpt-5.2,,,0,0,0.0,True,0,0,0
2026-03-17 14:03:37+00:00,KC-0248f52d,KC,KCH7 (202703),research,geopolitical,commodity_profile,cache,cache,gemini,gemini-3.1-pro-preview,76753e8c5f1d,,0,0,14,False,0,0,0
2026-03-17 14:03:37+00:00,KC-0248f52d,KC,KCH7 (202703),research,geopolitical,legacy,cache,cache,gemini,gemini-3.1-pro-preview,,,0,0,0.0,True,0,0,0
2026-03-17 14:03:38+00:00,KC-0248f52d,KC,KCH7 (202703),research,supply_chain,commodity_profile,cache,cache,xai,grok-4-1-fast-reasoning,9e3bccad873f,,0,2,14,False,0,0,0
2026-03-17 14:03:39+00:00,KC-0248f52d,KC,KCH7 (202703),research,supply_chain,legacy,cache,cache,xai,grok-4-1-fast-reasoning,,,0,0,0.0,True,0,0,0
2026-03-17 14:03:41+00:00,KC-0248f52d,KC,KCH7 (202703),research,sentiment,commodity_profile,cache,cache,xai,grok-4-1-fast-reasoning,aec4c91a93de,,0,0,38,False,0,0,0
2026-03-17 14:03:42+00:00,KC-0248f52d,KC,KCH7 (202703),research,sentiment,legacy,cache,cache,xai,grok-4-1-fast-reasoning,,,0,0,0.0,True,0,0,0
2026-03-17 14:04:03+00:00,KC-0248f52d,KC,KCH7 (202703),research,inventory,commodity_profile,anthropic,claude-sonnet-4-6,anthropic,claude-sonnet-4-6,923c40ff4146,,0,2,14,False,3350,921,23040.21382331848
2026-03-17 14:04:25+00:00,KC-0248f52d,KC,KCH7 (202703),research,technical,commodity_profile,openai,o3-2025-04-16,openai,o3-2025-04-16,07627e1eaadf,,0,3,14,False,2830,823,19586.439847946167
2026-03-17 14:04:29+00:00,KC-0248f52d,KC,KCH7 (202703),research,inventory,legacy,anthropic,claude-sonnet-4-6,anthropic,claude-sonnet-4-6,,,0,0,0.0,True,1099,1083,24862.190008163452
2026-03-17 14:04:53+00:00,KC-0248f52d,KC,KCH7 (202703),research,technical,legacy,openai,o3-2025-04-16,openai,o3-2025-04-16,,,0,0,0.0,True,548,921,28181.312561035156
2026-03-17 14:05:15+00:00,KC-0248f52d,KC,KCH7 (202703),research,volatility,commodity_profile,xai,grok-4-1-fast-reasoning,xai,grok-4-1-fast-reasoning,c08ba18ab119,,0,2,14,False,2470,332,14221.839904785156
2026-03-17 14:05:34+00:00,KC-0248f52d,KC,KCH7 (202703),research,volatility,legacy,xai,grok-4-1-fast-reasoning,xai,grok-4-1-fast-reasoning,,,0,0,0.0,True,637,281,17575.722217559814
2026-03-17 14:06:14+00:00,KC-0248f52d,KC,KCH7 (202703),debate,permabear,legacy,anthropic,claude-sonnet-4-6,anthropic,claude-sonnet-4-6,2fd2d9277014,,0,0,0.0,False,5557,1337,39833.314180374146
2026-03-17 14:06:40+00:00,KC-0248f52d,KC,KCH7 (202703),debate,permabull,legacy,xai,grok-4-1-fast-reasoning,xai,grok-4-1-fast-reasoning,907c5282bd94,,0,0,0.0,False,6120,845,26489.488124847412
2026-03-17 14:07:06+00:00,KC-0248f52d,KC,KCH7 (202703),decision,master,legacy,openai,gpt-5.2,openai,gpt-5.2,067e4f454c9a,,0,0,0.0,False,7688,1095,25775.221347808838
