timestamp,agent,predicted,actual,correct
2026-02-11 16:00:00+00:00,master_decision,NEUTRAL,BEARISH,0
2026-02-11 16:00:00+00:00,master_decision,BEARISH,BULLISH,0
2026-02-11 16:00:00+00:00,master_decision,NEUTRAL,BEARISH,0
2026-02-11 16:00:00+00:00,master_decision,BEARISH,BULLISH,0
2026-02-11 16:00:00+00:00,master_decision,BEARISH,BULLISH,0
2026-02-11 16:00:00+00:00,master_decision,BEARISH,BULLISH,0
2026-02-11 16:00:00+00:00,master_decision,BEARISH,BULLISH,0
2026-02-11 16:00:00+00:00,master_decision,BEARISH,BULLISH,0
2026-02-11 16:00:00+00:00,master_decision,BEARISH,BULLISH,0
2026-02-11 16:00:00+00:00,master_decision,BEARISH,BULLISH,0
2026-02-11 16:00:00+00:00,master_decision,BEARISH,BULLISH,0
2026-02-11 16:00:00+00:00,master_decision,BEARISH,BULLISH,0
2026-02-10 13:54:00.389640+00:00,agronomist,NEUTRAL,BEARISH,0
2026-02-10 13:54:00.389640+00:00,macro,BEARISH,BEARISH,1
2026-02-10 13:54:00.389640+00:00,geopolitical,BULLISH,BEARISH,0
2026-02-10 13:54:00.389640+00:00,supply_chain,BULLISH,BEARISH,0
2026-02-10 13:54:00.389640+00:00,inventory,BULLISH,BEARISH,0
2026-02-10 13:54:00.389640+00:00,sentiment,BEARISH,BEARISH,1
2026-02-10 13:54:00.389640+00:00,technical,NEUTRAL,BEARISH,0
2026-02-10 13:54:00.389640+00:00,volatility,BEARISH,BEARISH,1
2026-02-10 13:54:00.389640+00:00,master_decision,NEUTRAL,BEARISH,0
2026-02-10 13:57:15.351895+00:00,agronomist,BEARISH,BULLISH,0
2026-02-10 13:57:15.351895+00:00,macro,BEARISH,BULLISH,0
2026-02-10 13:57:15.351895+00:00,geopolitical,BULLISH,BULLISH,1
2026-02-10 13:57:15.351895+00:00,supply_chain,BULLISH,BULLISH,1
2026-02-10 13:57:15.351895+00:00,inventory,BEARISH,BULLISH,0
2026-02-10 13:57:15.351895+00:00,sentiment,BULLISH,BULLISH,1
2026-02-10 13:57:15.351895+00:00,technical,BEARISH,BULLISH,0
2026-02-10 13:57:15.351895+00:00,volatility,BEARISH,BULLISH,0
2026-02-10 13:57:15.351895+00:00,master_decision,BEARISH,BULLISH,0
2026-02-10 13:59:32.329435+00:00,agronomist,BEARISH,BULLISH,0
2026-02-10 13:59:32.329435+00:00,macro,BEARISH,BULLISH,0
2026-02-10 13:59:32.329435+00:00,geopolitical,NEUTRAL,BULLISH,0
2026-02-10 13:59:32.329435+00:00,supply_chain,BULLISH,BULLISH,1
2026-02-10 13:59:32.329435+00:00,sentiment,NEUTRAL,BULLISH,0
2026-02-10 13:59:32.329435+00:00,technical,NEUTRAL,BULLISH,0
2026-02-10 13:59:32.329435+00:00,volatility,BEARISH,BULLISH,0
2026-02-10 13:59:32.329435+00:00,master_decision,BEARISH,BULLISH,0
2026-02-10 14:01:02.661256+00:00,agronomist,BEARISH,BULLISH,0
2026-02-10 14:01:02.661256+00:00,macro,BEARISH,BULLISH,0
2026-02-10 14:01:02.661256+00:00,geopolitical,NEUTRAL,BULLISH,0
2026-02-10 14:01:02.661256+00:00,supply_chain,BULLISH,BULLISH,1
2026-02-10 14:01:02.661256+00:00,inventory,BULLISH,BULLISH,1
2026-02-10 14:01:02.661256+00:00,sentiment,BEARISH,BULLISH,0
2026-02-10 14:01:02.661256+00:00,volatility,BEARISH,BULLISH,0
2026-02-10 14:01:02.661256+00:00,master_decision,BEARISH,BULLISH,0
2026-02-10 14:09:35.942626+00:00,agronomist,BEARISH,BULLISH,0
2026-02-10 14:09:35.942626+00:00,macro,BEARISH,BULLISH,0
2026-02-10 14:09:35.942626+00:00,geopolitical,BULLISH,BULLISH,1
2026-02-10 14:09:35.942626+00:00,supply_chain,BULLISH,BULLISH,1
2026-02-10 14:09:35.942626+00:00,inventory,BULLISH,BULLISH,1
2026-02-10 14:09:35.942626+00:00,sentiment,BEARISH,BULLISH,0
2026-02-10 14:09:35.942626+00:00,technical,BEARISH,BULLISH,0
2026-02-10 14:09:35.942626+00:00,master_decision,BEARISH,BULLISH,0
2026-02-10 17:08:38.657611+00:00,agronomist,BEARISH,BULLISH,0
2026-02-10 17:08:38.657611+00:00,macro,BEARISH,BULLISH,0
2026-02-10 17:08:38.657611+00:00,geopolitical,BULLISH,BULLISH,1
2026-02-10 17:08:38.657611+00:00,supply_chain,BULLISH,BULLISH,1
2026-02-10 17:08:38.657611+00:00,inventory,BEARISH,BULLISH,0
2026-02-10 17:08:38.657611+00:00,sentiment,NEUTRAL,BULLISH,0
2026-02-10 17:08:38.657611+00:00,technical,BEARISH,BULLISH,0
2026-02-10 17:08:38.657611+00:00,master_decision,BEARISH,BULLISH,0
2026-02-10 17:14:00.583031+00:00,agronomist,BEARISH,BULLISH,0
2026-02-10 17:14:00.583031+00:00,macro,BEARISH,BULLISH,0
2026-02-10 17:14:00.583031+00:00,geopolitical,BULLISH,BULLISH,1
2026-02-10 17:14:00.583031+00:00,supply_chain,BULLISH,BULLISH,1
2026-02-10 17:14:00.583031+00:00,sentiment,BEARISH,BULLISH,0
2026-02-10 17:14:00.583031+00:00,technical,NEUTRAL,BULLISH,0
2026-02-10 17:14:00.583031+00:00,volatility,BEARISH,BULLISH,0
2026-02-10 17:14:00.583031+00:00,master_decision,BEARISH,BULLISH,0
2026-02-10 17:14:44.232448+00:00,agronomist,BEARISH,BULLISH,0
2026-02-10 17:14:44.232448+00:00,macro,BEARISH,BULLISH,0
2026-02-10 17:14:44.232448+00:00,geopolitical,BULLISH,BULLISH,1
2026-02-10 17:14:44.232448+00:00,supply_chain,BULLISH,BULLISH,1
2026-02-10 17:14:44.232448+00:00,inventory,NEUTRAL,BULLISH,0
2026-02-10 17:14:44.232448+00:00,sentiment,NEUTRAL,BULLISH,0
2026-02-10 17:14:44.232448+00:00,technical,NEUTRAL,BULLISH,0
2026-02-10 17:14:44.232448+00:00,volatility,BEARISH,BULLISH,0
2026-02-10 17:14:44.232448+00:00,master_decision,BEARISH,BULLISH,0
2026-02-10 17:16:04.873818+00:00,agronomist,BEARISH,BULLISH,0
2026-02-10 17:16:04.873818+00:00,macro,BEARISH,BULLISH,0
2026-02-10 17:16:04.873818+00:00,geopolitical,BULLISH,BULLISH,1
2026-02-10 17:16:04.873818+00:00,supply_chain,BULLISH,BULLISH,1
2026-02-10 17:16:04.873818+00:00,inventory,BEARISH,BULLISH,0
2026-02-10 17:16:04.873818+00:00,sentiment,NEUTRAL,BULLISH,0
2026-02-10 17:16:04.873818+00:00,technical,NEUTRAL,BULLISH,0
2026-02-10 17:16:04.873818+00:00,volatility,BEARISH,BULLISH,0
2026-02-10 17:16:04.873818+00:00,master_decision,BEARISH,BULLISH,0
2026-02-10 17:16:36.242479+00:00,agronomist,BEARISH,BULLISH,0
2026-02-10 17:16:36.242479+00:00,macro,BEARISH,BULLISH,0
2026-02-10 17:16:36.242479+00:00,geopolitical,BULLISH,BULLISH,1
2026-02-10 17:16:36.242479+00:00,supply_chain,BULLISH,BULLISH,1
2026-02-10 17:16:36.242479+00:00,sentiment,NEUTRAL,BULLISH,0
2026-02-10 17:16:36.242479+00:00,technical,NEUTRAL,BULLISH,0
2026-02-10 17:16:36.242479+00:00,volatility,BEARISH,BULLISH,0
2026-02-10 17:16:36.242479+00:00,master_decision,BEARISH,BULLISH,0
2026-02-12 16:00:00+00:00,master_decision,BEARISH,BULLISH,0
2026-02-12 16:00:00+00:00,master_decision,BEARISH,BULLISH,0
2026-02-12 16:00:00+00:00,master_decision,BEARISH,BULLISH,0
2026-02-12 16:00:00+00:00,master_decision,BEARISH,BULLISH,0
2026-02-12 16:00:00+00:00,master_decision,BEARISH,BULLISH,0
2026-02-12 16:00:00+00:00,master_decision,BEARISH,BULLISH,0
2026-02-12 16:00:00+00:00,master_decision,BEARISH,BULLISH,0
2026-02-12 16:00:00+00:00,master_decision,BEARISH,BULLISH,0
2026-02-12 16:00:00+00:00,master_decision,BEARISH,BULLISH,0
2026-02-12 16:00:00+00:00,master_decision,BEARISH,BULLISH,0
2026-02-11 14:05:00.959787+00:00,agronomist,BEARISH,BULLISH,0
2026-02-11 14:05:00.959787+00:00,macro,BEARISH,BULLISH,0
2026-02-11 14:05:00.959787+00:00,geopolitical,NEUTRAL,BULLISH,0
2026-02-11 14:05:00.959787+00:00,supply_chain,BULLISH,BULLISH,1
2026-02-11 14:05:00.959787+00:00,inventory,BEARISH,BULLISH,0
2026-02-11 14:05:00.959787+00:00,sentiment,NEUTRAL,BULLISH,0
2026-02-11 14:05:00.959787+00:00,technical,NEUTRAL,BULLISH,0
2026-02-11 14:05:00.959787+00:00,volatility,BEARISH,BULLISH,0
2026-02-11 14:05:00.959787+00:00,master_decision,BEARISH,BULLISH,0
2026-02-11 14:06:55.600421+00:00,agronomist,BEARISH,BULLISH,0
2026-02-11 14:06:55.600421+00:00,macro,NEUTRAL,BULLISH,0
2026-02-11 14:06:55.600421+00:00,geopolitical,NEUTRAL,BULLISH,0
2026-02-11 14:06:55.600421+00:00,supply_chain,BULLISH,BULLISH,1
2026-02-11 14:06:55.600421+00:00,inventory,BEARISH,BULLISH,0
2026-02-11 14:06:55.600421+00:00,sentiment,NEUTRAL,BULLISH,0
2026-02-11 14:06:55.600421+00:00,technical,BEARISH,BULLISH,0
2026-02-11 14:06:55.600421+00:00,volatility,BEARISH,BULLISH,0
2026-02-11 14:06:55.600421+00:00,master_decision,BEARISH,BULLISH,0
2026-02-11 14:09:19.184901+00:00,agronomist,BEARISH,BULLISH,0
2026-02-11 14:09:19.184901+00:00,macro,BEARISH,BULLISH,0
2026-02-11 14:09:19.184901+00:00,geopolitical,BULLISH,BULLISH,1
2026-02-11 14:09:19.184901+00:00,supply_chain,BULLISH,BULLISH,1
2026-02-11 14:09:19.184901+00:00,inventory,BULLISH,BULLISH,1
2026-02-11 14:09:19.184901+00:00,sentiment,BEARISH,BULLISH,0
2026-02-11 14:09:19.184901+00:00,technical,BEARISH,BULLISH,0
2026-02-11 14:09:19.184901+00:00,volatility,BEARISH,BULLISH,0
2026-02-11 14:09:19.184901+00:00,master_decision,BEARISH,BULLISH,0
2026-02-11 14:10:18.940575+00:00,agronomist,BEARISH,BULLISH,0
2026-02-11 14:10:18.940575+00:00,macro,NEUTRAL,BULLISH,0
2026-02-11 14:10:18.940575+00:00,geopolitical,NEUTRAL,BULLISH,0
2026-02-11 14:10:18.940575+00:00,supply_chain,BULLISH,BULLISH,1
2026-02-11 14:10:18.940575+00:00,inventory,BEARISH,BULLISH,0
2026-02-11 14:10:18.940575+00:00,sentiment,NEUTRAL,BULLISH,0
2026-02-11 14:10:18.940575+00:00,technical,BEARISH,BULLISH,0
2026-02-11 14:10:18.940575+00:00,volatility,BEARISH,BULLISH,0
2026-02-11 14:10:18.940575+00:00,master_decision,BEARISH,BULLISH,0
2026-02-11 14:11:07.802405+00:00,agronomist,BEARISH,BULLISH,0
2026-02-11 14:11:07.802405+00:00,macro,BEARISH,BULLISH,0
2026-02-11 14:11:07.802405+00:00,geopolitical,BULLISH,BULLISH,1
2026-02-11 14:11:07.802405+00:00,supply_chain,BULLISH,BULLISH,1
2026-02-11 14:11:07.802405+00:00,inventory,NEUTRAL,BULLISH,0
2026-02-11 14:11:07.802405+00:00,sentiment,BEARISH,BULLISH,0
2026-02-11 14:11:07.802405+00:00,technical,NEUTRAL,BULLISH,0
2026-02-11 14:11:07.802405+00:00,volatility,BEARISH,BULLISH,0
2026-02-11 14:11:07.802405+00:00,master_decision,BEARISH,BULLISH,0
2026-02-11 16:49:05.272129+00:00,agronomist,BEARISH,BULLISH,0
2026-02-11 16:49:05.272129+00:00,macro,BEARISH,BULLISH,0
2026-02-11 16:49:05.272129+00:00,geopolitical,BULLISH,BULLISH,1
2026-02-11 16:49:05.272129+00:00,supply_chain,BULLISH,BULLISH,1
2026-02-11 16:49:05.272129+00:00,inventory,BULLISH,BULLISH,1
2026-02-11 16:49:05.272129+00:00,sentiment,BEARISH,BULLISH,0
2026-02-11 16:49:05.272129+00:00,technical,BEARISH,BULLISH,0
2026-02-11 16:49:05.272129+00:00,volatility,BEARISH,BULLISH,0
2026-02-11 16:49:05.272129+00:00,master_decision,BEARISH,BULLISH,0
2026-02-11 16:54:47.908146+00:00,agronomist,BEARISH,BULLISH,0
2026-02-11 16:54:47.908146+00:00,macro,BEARISH,BULLISH,0
2026-02-11 16:54:47.908146+00:00,geopolitical,BULLISH,BULLISH,1
2026-02-11 16:54:47.908146+00:00,supply_chain,BULLISH,BULLISH,1
2026-02-11 16:54:47.908146+00:00,inventory,BEARISH,BULLISH,0
2026-02-11 16:54:47.908146+00:00,sentiment,NEUTRAL,BULLISH,0
2026-02-11 16:54:47.908146+00:00,technical,BEARISH,BULLISH,0
2026-02-11 16:54:47.908146+00:00,volatility,BEARISH,BULLISH,0
2026-02-11 16:54:47.908146+00:00,master_decision,BEARISH,BULLISH,0
2026-02-11 16:55:46.872065+00:00,agronomist,BEARISH,BULLISH,0
2026-02-11 16:55:46.872065+00:00,macro,BEARISH,BULLISH,0
2026-02-11 16:55:46.872065+00:00,geopolitical,NEUTRAL,BULLISH,0
2026-02-11 16:55:46.872065+00:00,supply_chain,BULLISH,BULLISH,1
2026-02-11 16:55:46.872065+00:00,inventory,BULLISH,BULLISH,1
2026-02-11 16:55:46.872065+00:00,sentiment,NEUTRAL,BULLISH,0
2026-02-11 16:55:46.872065+00:00,technical,BEARISH,BULLISH,0
2026-02-11 16:55:46.872065+00:00,volatility,BEARISH,BULLISH,0
2026-02-11 16:55:46.872065+00:00,master_decision,BEARISH,BULLISH,0
2026-02-11 16:58:06.791705+00:00,agronomist,BEARISH,BULLISH,0
2026-02-11 16:58:06.791705+00:00,macro,BEARISH,BULLISH,0
2026-02-11 16:58:06.791705+00:00,geopolitical,BULLISH,BULLISH,1
2026-02-11 16:58:06.791705+00:00,supply_chain,BULLISH,BULLISH,1
2026-02-11 16:58:06.791705+00:00,inventory,BEARISH,BULLISH,0
2026-02-11 16:58:06.791705+00:00,sentiment,NEUTRAL,BULLISH,0
2026-02-11 16:58:06.791705+00:00,technical,NEUTRAL,BULLISH,0
2026-02-11 16:58:06.791705+00:00,volatility,BEARISH,BULLISH,0
2026-02-11 16:58:06.791705+00:00,master_decision,BEARISH,BULLISH,0
2026-02-11 16:59:24.382316+00:00,agronomist,BEARISH,BULLISH,0
2026-02-11 16:59:24.382316+00:00,macro,BEARISH,BULLISH,0
2026-02-11 16:59:24.382316+00:00,geopolitical,NEUTRAL,BULLISH,0
2026-02-11 16:59:24.382316+00:00,supply_chain,BULLISH,BULLISH,1
2026-02-11 16:59:24.382316+00:00,inventory,BULLISH,BULLISH,1
2026-02-11 16:59:24.382316+00:00,sentiment,NEUTRAL,BULLISH,0
2026-02-11 16:59:24.382316+00:00,technical,NEUTRAL,BULLISH,0
2026-02-11 16:59:24.382316+00:00,volatility,BEARISH,BULLISH,0
2026-02-11 16:59:24.382316+00:00,master_decision,BEARISH,BULLISH,0
2026-02-13 16:00:00+00:00,master_decision,BEARISH,BULLISH,0
2026-02-13 16:00:00+00:00,strategy_iron_condor,LOW_VOL,BIG_MOVE,0
2026-02-13 16:00:00+00:00,strategy_iron_condor,LOW_VOL,STAYED_FLAT,0
2026-02-13 16:00:00+00:00,strategy_iron_condor,LOW_VOL,STAYED_FLAT,0
2026-02-13 16:00:00+00:00,strategy_iron_condor,LOW_VOL,STAYED_FLAT,0
2026-02-13 16:00:00+00:00,master_decision,BEARISH,BULLISH,0
2026-02-13 16:00:00+00:00,master_decision,BEARISH,BULLISH,0
2026-02-13 16:00:00+00:00,master_decision,BEARISH,BULLISH,0
2026-02-13 16:00:00+00:00,master_decision,BEARISH,BULLISH,0
2026-02-13 16:00:00+00:00,master_decision,BEARISH,BULLISH,0
2026-02-13 16:00:00+00:00,strategy_iron_condor,LOW_VOL,STAYED_FLAT,0
2026-02-13 16:00:00+00:00,strategy_iron_condor,LOW_VOL,STAYED_FLAT,0
2026-02-13 16:00:00+00:00,strategy_iron_condor,LOW_VOL,BIG_MOVE,0
2026-02-13 16:00:00+00:00,strategy_iron_condor,LOW_VOL,STAYED_FLAT,0
2026-02-13 16:00:00+00:00,master_decision,BEARISH,BULLISH,0
2026-02-13 16:00:00+00:00,master_decision,BEARISH,BULLISH,0
2026-02-13 16:00:00+00:00,master_decision,BEARISH,BULLISH,0
2026-02-13 16:00:00+00:00,master_decision,BULLISH,BULLISH,1
2026-02-13 16:00:00+00:00,master_decision,BEARISH,BULLISH,0
2026-02-12 08:43:25.204346+00:00,agronomist,BULLISH,BULLISH,1
2026-02-12 08:43:25.228245+00:00,macro,BEARISH,BULLISH,0
2026-02-12 08:43:25.237286+00:00,sentiment,BEARISH,BULLISH,0
2026-02-12 08:43:25.239948+00:00,technical,BEARISH,BULLISH,0
2026-02-12 08:43:25.242436+00:00,volatility,BEARISH,BULLISH,0
2026-02-12 12:09:56.006991+00:00,sentiment,NEUTRAL,BULLISH,0
2026-02-12 12:42:05.770669+00:00,macro,BEARISH,BULLISH,0
2026-02-12 12:42:05.781546+00:00,sentiment,BEARISH,BULLISH,0
2026-02-12 12:42:05.784777+00:00,technical,BEARISH,BULLISH,0
2026-02-12 12:42:05.787068+00:00,volatility,BEARISH,BULLISH,0
2026-02-12 13:40:46.189155+00:00,sentiment,NEUTRAL,BULLISH,0
2026-02-12 14:05:02.196894+00:00,agronomist,BEARISH,BULLISH,0
2026-02-12 14:05:02.196894+00:00,macro,BEARISH,BULLISH,0
2026-02-12 14:05:02.196894+00:00,geopolitical,BULLISH,BULLISH,1
2026-02-12 14:05:02.196894+00:00,supply_chain,BULLISH,BULLISH,1
2026-02-12 14:05:02.196894+00:00,inventory,NEUTRAL,BULLISH,0
2026-02-12 14:05:02.196894+00:00,sentiment,BEARISH,BULLISH,0
2026-02-12 14:05:02.196894+00:00,technical,BEARISH,BULLISH,0
2026-02-12 14:05:02.196894+00:00,volatility,BEARISH,BULLISH,0
2026-02-12 14:05:02.196894+00:00,master_decision,BEARISH,BULLISH,0
2026-02-12 14:07:31.082763+00:00,agronomist,BEARISH,BULLISH,0
2026-02-12 14:07:31.082763+00:00,macro,BEARISH,BULLISH,0
2026-02-12 14:07:31.082763+00:00,geopolitical,NEUTRAL,BULLISH,0
2026-02-12 14:07:31.082763+00:00,supply_chain,BULLISH,BULLISH,1
2026-02-12 14:07:31.082763+00:00,inventory,BULLISH,BULLISH,1
2026-02-12 14:07:31.082763+00:00,sentiment,BEARISH,BULLISH,0
2026-02-12 14:07:31.082763+00:00,technical,BEARISH,BULLISH,0
2026-02-12 14:07:31.082763+00:00,volatility,BEARISH,BULLISH,0
2026-02-12 14:07:31.082763+00:00,master_decision,BEARISH,BULLISH,0
2026-02-12 14:09:16.544061+00:00,agronomist,BEARISH,BULLISH,0
2026-02-12 14:09:16.544061+00:00,macro,BEARISH,BULLISH,0
2026-02-12 14:09:16.544061+00:00,geopolitical,NEUTRAL,BULLISH,0
2026-02-12 14:09:16.544061+00:00,supply_chain,BULLISH,BULLISH,1
2026-02-12 14:09:16.544061+00:00,inventory,BEARISH,BULLISH,0
2026-02-12 14:09:16.544061+00:00,sentiment,NEUTRAL,BULLISH,0
2026-02-12 14:09:16.544061+00:00,technical,BEARISH,BULLISH,0
2026-02-12 14:09:16.544061+00:00,volatility,BEARISH,BULLISH,0
2026-02-12 14:09:16.544061+00:00,master_decision,BEARISH,BULLISH,0
2026-02-12 14:10:23.256101+00:00,agronomist,BEARISH,BULLISH,0
2026-02-12 14:10:23.256101+00:00,macro,BEARISH,BULLISH,0
2026-02-12 14:10:23.256101+00:00,geopolitical,NEUTRAL,BULLISH,0
2026-02-12 14:10:23.256101+00:00,supply_chain,BULLISH,BULLISH,1
2026-02-12 14:10:23.256101+00:00,inventory,BEARISH,BULLISH,0
2026-02-12 14:10:23.256101+00:00,sentiment,BEARISH,BULLISH,0
2026-02-12 14:10:23.256101+00:00,technical,NEUTRAL,BULLISH,0
2026-02-12 14:10:23.256101+00:00,volatility,BEARISH,BULLISH,0
2026-02-12 14:10:23.256101+00:00,master_decision,BEARISH,BULLISH,0
2026-02-12 14:10:31.985147+00:00,agronomist,BEARISH,BULLISH,0
2026-02-12 14:10:31.985147+00:00,macro,BEARISH,BULLISH,0
2026-02-12 14:10:31.985147+00:00,geopolitical,NEUTRAL,BULLISH,0
2026-02-12 14:10:31.985147+00:00,supply_chain,BULLISH,BULLISH,1
2026-02-12 14:10:31.985147+00:00,inventory,NEUTRAL,BULLISH,0
2026-02-12 14:10:31.985147+00:00,sentiment,BEARISH,BULLISH,0
2026-02-12 14:10:31.985147+00:00,technical,BEARISH,BULLISH,0
2026-02-12 14:10:31.985147+00:00,volatility,NEUTRAL,BULLISH,0
2026-02-12 14:10:31.985147+00:00,master_decision,BEARISH,BULLISH,0
2026-02-12 15:10:38.179570+00:00,sentiment,NEUTRAL,BEARISH,0
2026-02-12 16:40:33.553578+00:00,agronomist,NEUTRAL,BULLISH,0
2026-02-12 16:43:20.859767+00:00,agronomist,NEUTRAL,BULLISH,0
2026-02-12 16:43:20.864501+00:00,sentiment,NEUTRAL,BULLISH,0
2026-02-12 16:46:04.809610+00:00,agronomist,NEUTRAL,BULLISH,0
2026-02-12 16:46:04.818080+00:00,sentiment,NEUTRAL,BULLISH,0
2026-02-12 16:46:04.821084+00:00,technical,BEARISH,BULLISH,0
2026-02-12 16:49:17.947584+00:00,agronomist,BEARISH,BULLISH,0
2026-02-12 16:49:17.947584+00:00,macro,NEUTRAL,BULLISH,0
2026-02-12 16:49:17.947584+00:00,geopolitical,BEARISH,BULLISH,0
2026-02-12 16:49:17.947584+00:00,supply_chain,BULLISH,BULLISH,1
2026-02-12 16:49:17.947584+00:00,inventory,BULLISH,BULLISH,1
2026-02-12 16:49:17.947584+00:00,sentiment,BEARISH,BULLISH,0
2026-02-12 16:49:17.947584+00:00,technical,NEUTRAL,BULLISH,0
2026-02-12 16:49:17.947584+00:00,volatility,BEARISH,BULLISH,0
2026-02-12 16:49:17.947584+00:00,master_decision,BEARISH,BULLISH,0
2026-02-12 16:51:46.604291+00:00,agronomist,BEARISH,BULLISH,0
2026-02-12 16:51:46.604291+00:00,macro,BEARISH,BULLISH,0
2026-02-12 16:51:46.604291+00:00,geopolitical,BULLISH,BULLISH,1
2026-02-12 16:51:46.604291+00:00,supply_chain,BULLISH,BULLISH,1
2026-02-12 16:51:46.604291+00:00,inventory,BULLISH,BULLISH,1
2026-02-12 16:51:46.604291+00:00,sentiment,NEUTRAL,BULLISH,0
2026-02-12 16:51:46.604291+00:00,technical,BEARISH,BULLISH,0
2026-02-12 16:51:46.604291+00:00,volatility,BEARISH,BULLISH,0
2026-02-12 16:51:46.604291+00:00,master_decision,BEARISH,BULLISH,0
2026-02-12 16:53:21.701858+00:00,agronomist,BEARISH,BULLISH,0
2026-02-12 16:53:21.701858+00:00,macro,BEARISH,BULLISH,0
2026-02-12 16:53:21.701858+00:00,geopolitical,NEUTRAL,BULLISH,0
2026-02-12 16:53:21.701858+00:00,supply_chain,BULLISH,BULLISH,1
2026-02-12 16:53:21.701858+00:00,inventory,BEARISH,BULLISH,0
2026-02-12 16:53:21.701858+00:00,sentiment,NEUTRAL,BULLISH,0
2026-02-12 16:53:21.701858+00:00,technical,NEUTRAL,BULLISH,0
2026-02-12 16:53:21.701858+00:00,volatility,BEARISH,BULLISH,0
2026-02-12 16:53:21.701858+00:00,master_decision,BEARISH,BULLISH,0
2026-02-12 16:54:49.831828+00:00,agronomist,BEARISH,BULLISH,0
2026-02-12 16:54:49.831828+00:00,macro,NEUTRAL,BULLISH,0
2026-02-12 16:54:49.831828+00:00,geopolitical,BULLISH,BULLISH,1
2026-02-12 16:54:49.831828+00:00,supply_chain,BULLISH,BULLISH,1
2026-02-12 16:54:49.831828+00:00,inventory,BULLISH,BULLISH,1
2026-02-12 16:54:49.831828+00:00,sentiment,NEUTRAL,BULLISH,0
2026-02-12 16:54:49.831828+00:00,technical,BEARISH,BULLISH,0
2026-02-12 16:54:49.831828+00:00,volatility,NEUTRAL,BULLISH,0
2026-02-12 16:54:49.831828+00:00,master_decision,BULLISH,BULLISH,1
2026-02-12 16:55:29.729318+00:00,agronomist,BEARISH,BULLISH,0
2026-02-12 16:55:29.729318+00:00,macro,BEARISH,BULLISH,0
2026-02-12 16:55:29.729318+00:00,geopolitical,NEUTRAL,BULLISH,0
2026-02-12 16:55:29.729318+00:00,supply_chain,BULLISH,BULLISH,1
2026-02-12 16:55:29.729318+00:00,inventory,BEARISH,BULLISH,0
2026-02-12 16:55:29.729318+00:00,sentiment,NEUTRAL,BULLISH,0
2026-02-12 16:55:29.729318+00:00,technical,BEARISH,BULLISH,0
2026-02-12 16:55:29.729318+00:00,volatility,NEUTRAL,BULLISH,0
2026-02-12 16:55:29.729318+00:00,master_decision,BEARISH,BULLISH,0
2026-02-13 16:00:00+00:00,strategy_iron_condor,LOW_VOL,BIG_MOVE,0
2026-02-13 16:00:00+00:00,master_decision,BEARISH,BEARISH,1
2026-02-13 16:00:00+00:00,master_decision,BEARISH,BEARISH,1
2026-02-16 16:00:00+00:00,master_decision,BEARISH,BULLISH,0
2026-02-13 12:24:20.721936+00:00,sentiment,NEUTRAL,BEARISH,0
2026-02-13 13:46:34.227343+00:00,macro,BULLISH,BEARISH,0
2026-02-13 13:46:34.245407+00:00,sentiment,BULLISH,BEARISH,0
2026-02-13 13:46:34.249781+00:00,volatility,BULLISH,BEARISH,0
2026-02-13 15:25:57.729060+00:00,sentiment,NEUTRAL,BEARISH,0
2026-02-13 16:56:12.839232+00:00,sentiment,NEUTRAL,BULLISH,0
2026-02-18 16:00:00+00:00,strategy_iron_condor,LOW_VOL,BIG_MOVE,0
2026-02-18 16:00:00+00:00,strategy_iron_condor,LOW_VOL,BIG_MOVE,0
2026-02-18 16:00:00+00:00,strategy_iron_condor,LOW_VOL,BIG_MOVE,0
2026-02-18 16:00:00+00:00,master_decision,NEUTRAL,BEARISH,0
2026-02-18 16:00:00+00:00,master_decision,BEARISH,BEARISH,1
2026-02-18 16:00:00+00:00,strategy_iron_condor,LOW_VOL,BIG_MOVE,0
2026-02-18 16:00:00+00:00,master_decision,NEUTRAL,BEARISH,0
2026-02-18 16:00:00+00:00,master_decision,NEUTRAL,BEARISH,0
2026-02-18 16:00:00+00:00,master_decision,NEUTRAL,BEARISH,0
2026-02-18 16:00:00+00:00,master_decision,NEUTRAL,BEARISH,0
2026-02-18 16:00:00+00:00,master_decision,NEUTRAL,BEARISH,0
2026-02-18 16:00:00+00:00,strategy_iron_condor,LOW_VOL,STAYED_FLAT,0
2026-02-18 16:00:00+00:00,strategy_iron_condor,LOW_VOL,STAYED_FLAT,0
2026-02-18 16:00:00+00:00,strategy_iron_condor,LOW_VOL,STAYED_FLAT,0
2026-02-18 16:00:00+00:00,master_decision,NEUTRAL,BULLISH,0
2026-02-18 16:00:00+00:00,master_decision,NEUTRAL,BULLISH,0
2026-02-18 16:00:00+00:00,master_decision,NEUTRAL,BULLISH,0
2026-02-18 16:00:00+00:00,master_decision,NEUTRAL,BULLISH,0
2026-02-18 16:00:00+00:00,master_decision,NEUTRAL,BULLISH,0
2026-02-18 16:00:00+00:00,strategy_iron_condor,LOW_VOL,STAYED_FLAT,0
2026-02-18 16:00:00+00:00,master_decision,NEUTRAL,BULLISH,0
2026-02-18 16:00:00+00:00,strategy_iron_condor,LOW_VOL,STAYED_FLAT,0
2026-02-18 16:00:00+00:00,master_decision,BEARISH,BULLISH,0
2026-02-18 16:00:00+00:00,master_decision,NEUTRAL,BULLISH,0
2026-02-18 16:00:00+00:00,master_decision,BEARISH,BULLISH,0
2026-02-18 16:00:00+00:00,master_decision,NEUTRAL,BULLISH,0
2026-02-18 16:00:00+00:00,master_decision,NEUTRAL,BULLISH,0
2026-02-17 09:43:46.228334+00:00,macro,BEARISH,BEARISH,1
2026-02-17 09:43:46.243176+00:00,sentiment,BEARISH,BEARISH,1
2026-02-17 09:43:46.246164+00:00,volatility,BEARISH,BEARISH,1
2026-02-17 09:47:17.826090+00:00,agronomist,BEARISH,BEARISH,1
2026-02-17 09:47:17.826090+00:00,macro,NEUTRAL,BEARISH,0
2026-02-17 09:47:17.826090+00:00,geopolitical,NEUTRAL,BEARISH,0
2026-02-17 09:47:17.826090+00:00,supply_chain,NEUTRAL,BEARISH,0
2026-02-17 09:47:17.826090+00:00,inventory,NEUTRAL,BEARISH,0
2026-02-17 09:47:17.826090+00:00,sentiment,BEARISH,BEARISH,1
2026-02-17 09:47:17.826090+00:00,technical,BEARISH,BEARISH,1
2026-02-17 09:47:17.826090+00:00,volatility,BEARISH,BEARISH,1
2026-02-17 09:49:57.499771+00:00,agronomist,BEARISH,BEARISH,1
2026-02-17 09:49:57.499771+00:00,macro,NEUTRAL,BEARISH,0
2026-02-17 09:49:57.499771+00:00,geopolitical,NEUTRAL,BEARISH,0
2026-02-17 09:49:57.499771+00:00,supply_chain,BULLISH,BEARISH,0
2026-02-17 09:49:57.499771+00:00,inventory,BEARISH,BEARISH,1
2026-02-17 09:49:57.499771+00:00,sentiment,BEARISH,BEARISH,1
2026-02-17 09:49:57.499771+00:00,technical,BEARISH,BEARISH,1
2026-02-17 09:49:57.499771+00:00,volatility,BEARISH,BEARISH,1
2026-02-17 09:52:23.764211+00:00,agronomist,BEARISH,BEARISH,1
2026-02-17 09:52:23.764211+00:00,macro,NEUTRAL,BEARISH,0
2026-02-17 09:52:23.764211+00:00,geopolitical,NEUTRAL,BEARISH,0
2026-02-17 09:52:23.764211+00:00,supply_chain,BULLISH,BEARISH,0
2026-02-17 09:52:23.764211+00:00,inventory,BEARISH,BEARISH,1
2026-02-17 09:52:23.764211+00:00,sentiment,BEARISH,BEARISH,1
2026-02-17 09:52:23.764211+00:00,technical,NEUTRAL,BEARISH,0
2026-02-17 09:52:23.764211+00:00,volatility,BEARISH,BEARISH,1
2026-02-17 09:53:15.127633+00:00,agronomist,NEUTRAL,BEARISH,0
2026-02-17 09:53:15.127633+00:00,macro,NEUTRAL,BEARISH,0
2026-02-17 09:53:15.127633+00:00,geopolitical,NEUTRAL,BEARISH,0
2026-02-17 09:53:15.127633+00:00,supply_chain,BULLISH,BEARISH,0
2026-02-17 09:53:15.127633+00:00,inventory,BEARISH,BEARISH,1
2026-02-17 09:53:15.127633+00:00,sentiment,BEARISH,BEARISH,1
2026-02-17 09:53:15.127633+00:00,technical,BEARISH,BEARISH,1
2026-02-17 09:53:15.127633+00:00,volatility,BEARISH,BEARISH,1
2026-02-17 09:53:15.127633+00:00,master_decision,BEARISH,BEARISH,1
2026-02-17 09:56:47.959488+00:00,agronomist,BEARISH,BEARISH,1
2026-02-17 09:56:47.959488+00:00,macro,NEUTRAL,BEARISH,0
2026-02-17 09:56:47.959488+00:00,geopolitical,NEUTRAL,BEARISH,0
2026-02-17 09:56:47.959488+00:00,supply_chain,BULLISH,BEARISH,0
2026-02-17 09:56:47.959488+00:00,inventory,BULLISH,BEARISH,0
2026-02-17 09:56:47.959488+00:00,sentiment,BEARISH,BEARISH,1
2026-02-17 09:56:47.959488+00:00,technical,NEUTRAL,BEARISH,0
2026-02-17 09:56:47.959488+00:00,volatility,BEARISH,BEARISH,1
2026-02-17 12:06:54.569443+00:00,agronomist,BEARISH,BEARISH,1
2026-02-17 12:06:54.569443+00:00,macro,NEUTRAL,BEARISH,0
2026-02-17 12:06:54.569443+00:00,geopolitical,NEUTRAL,BEARISH,0
2026-02-17 12:06:54.569443+00:00,supply_chain,BULLISH,BEARISH,0
2026-02-17 12:06:54.569443+00:00,inventory,BEARISH,BEARISH,1
2026-02-17 12:06:54.569443+00:00,sentiment,BEARISH,BEARISH,1
2026-02-17 12:06:54.569443+00:00,technical,BEARISH,BEARISH,1
2026-02-17 12:06:54.569443+00:00,volatility,BULLISH,BEARISH,0
2026-02-17 12:08:04.973103+00:00,agronomist,BEARISH,BEARISH,1
2026-02-17 12:08:04.973103+00:00,macro,NEUTRAL,BEARISH,0
2026-02-17 12:08:04.973103+00:00,geopolitical,NEUTRAL,BEARISH,0
2026-02-17 12:08:04.973103+00:00,supply_chain,BULLISH,BEARISH,0
2026-02-17 12:08:04.973103+00:00,inventory,BEARISH,BEARISH,1
2026-02-17 12:08:04.973103+00:00,sentiment,BEARISH,BEARISH,1
2026-02-17 12:08:04.973103+00:00,technical,BEARISH,BEARISH,1
2026-02-17 12:08:04.973103+00:00,volatility,BEARISH,BEARISH,1
2026-02-17 12:12:40.862320+00:00,agronomist,BEARISH,BEARISH,1
2026-02-17 12:12:40.862320+00:00,macro,NEUTRAL,BEARISH,0
2026-02-17 12:12:40.862320+00:00,geopolitical,NEUTRAL,BEARISH,0
2026-02-17 12:12:40.862320+00:00,supply_chain,BULLISH,BEARISH,0
2026-02-17 12:12:40.862320+00:00,inventory,BEARISH,BEARISH,1
2026-02-17 12:12:40.862320+00:00,sentiment,BEARISH,BEARISH,1
2026-02-17 12:12:40.862320+00:00,technical,BEARISH,BEARISH,1
2026-02-17 12:12:40.862320+00:00,volatility,BEARISH,BEARISH,1
2026-02-17 12:13:47.597175+00:00,agronomist,BEARISH,BEARISH,1
2026-02-17 12:13:47.597175+00:00,macro,NEUTRAL,BEARISH,0
2026-02-17 12:13:47.597175+00:00,geopolitical,NEUTRAL,BEARISH,0
2026-02-17 12:13:47.597175+00:00,supply_chain,BULLISH,BEARISH,0
2026-02-17 12:13:47.597175+00:00,inventory,BULLISH,BEARISH,0
2026-02-17 12:13:47.597175+00:00,sentiment,BEARISH,BEARISH,1
2026-02-17 12:13:47.597175+00:00,technical,BEARISH,BEARISH,1
2026-02-17 12:13:47.597175+00:00,volatility,BEARISH,BEARISH,1
2026-02-17 12:16:43.743539+00:00,agronomist,BEARISH,BEARISH,1
2026-02-17 12:16:43.743539+00:00,macro,NEUTRAL,BEARISH,0
2026-02-17 12:16:43.743539+00:00,geopolitical,NEUTRAL,BEARISH,0
2026-02-17 12:16:43.743539+00:00,supply_chain,BULLISH,BEARISH,0
2026-02-17 12:16:43.743539+00:00,inventory,BULLISH,BEARISH,0
2026-02-17 12:16:43.743539+00:00,sentiment,BEARISH,BEARISH,1
2026-02-17 12:16:43.743539+00:00,technical,BEARISH,BEARISH,1
2026-02-17 12:16:43.743539+00:00,volatility,BEARISH,BEARISH,1
2026-02-17 12:28:04.689595+00:00,agronomist,BEARISH,BEARISH,1
2026-02-17 12:28:04.709937+00:00,macro,NEUTRAL,BEARISH,0
2026-02-17 12:28:04.713242+00:00,geopolitical,NEUTRAL,BEARISH,0
2026-02-17 12:28:04.717038+00:00,supply_chain,BULLISH,BEARISH,0
2026-02-17 12:28:04.720075+00:00,inventory,BULLISH,BEARISH,0
2026-02-17 12:28:04.723070+00:00,sentiment,NEUTRAL,BEARISH,0
2026-02-17 12:28:04.726193+00:00,technical,BEARISH,BEARISH,1
2026-02-17 12:28:04.729194+00:00,volatility,BEARISH,BEARISH,1
2026-02-17 14:27:25.368160+00:00,agronomist,BEARISH,BULLISH,0
2026-02-17 14:27:25.368160+00:00,macro,NEUTRAL,BULLISH,0
2026-02-17 14:27:25.368160+00:00,geopolitical,NEUTRAL,BULLISH,0
2026-02-17 14:27:25.368160+00:00,supply_chain,BULLISH,BULLISH,1
2026-02-17 14:27:25.368160+00:00,inventory,BEARISH,BULLISH,0
2026-02-17 14:27:25.368160+00:00,sentiment,BEARISH,BULLISH,0
2026-02-17 14:27:25.368160+00:00,technical,BEARISH,BULLISH,0
2026-02-17 14:27:25.368160+00:00,volatility,BEARISH,BULLISH,0
2026-02-17 14:30:50.664257+00:00,agronomist,BEARISH,BULLISH,0
2026-02-17 14:30:50.664257+00:00,macro,NEUTRAL,BULLISH,0
2026-02-17 14:30:50.664257+00:00,geopolitical,NEUTRAL,BULLISH,0
2026-02-17 14:30:50.664257+00:00,supply_chain,BULLISH,BULLISH,1
2026-02-17 14:30:50.664257+00:00,inventory,BEARISH,BULLISH,0
2026-02-17 14:30:50.664257+00:00,sentiment,BEARISH,BULLISH,0
2026-02-17 14:30:50.664257+00:00,technical,BEARISH,BULLISH,0
2026-02-17 14:30:50.664257+00:00,volatility,BEARISH,BULLISH,0
2026-02-17 14:33:22.647595+00:00,agronomist,BEARISH,BULLISH,0
2026-02-17 14:33:22.647595+00:00,macro,NEUTRAL,BULLISH,0
2026-02-17 14:33:22.647595+00:00,geopolitical,NEUTRAL,BULLISH,0
2026-02-17 14:33:22.647595+00:00,supply_chain,BULLISH,BULLISH,1
2026-02-17 14:33:22.647595+00:00,inventory,BEARISH,BULLISH,0
2026-02-17 14:33:22.647595+00:00,sentiment,BEARISH,BULLISH,0
2026-02-17 14:33:22.647595+00:00,technical,BEARISH,BULLISH,0
2026-02-17 14:33:22.647595+00:00,volatility,BEARISH,BULLISH,0
2026-02-17 14:33:31.061612+00:00,agronomist,BEARISH,BULLISH,0
2026-02-17 14:33:31.061612+00:00,macro,NEUTRAL,BULLISH,0
2026-02-17 14:33:31.061612+00:00,geopolitical,NEUTRAL,BULLISH,0
2026-02-17 14:33:31.061612+00:00,supply_chain,BULLISH,BULLISH,1
2026-02-17 14:33:31.061612+00:00,inventory,BEARISH,BULLISH,0
2026-02-17 14:33:31.061612+00:00,sentiment,BEARISH,BULLISH,0
2026-02-17 14:33:31.061612+00:00,technical,BEARISH,BULLISH,0
2026-02-17 14:33:31.061612+00:00,volatility,BEARISH,BULLISH,0
2026-02-17 14:38:27.111749+00:00,agronomist,BEARISH,BULLISH,0
2026-02-17 14:38:27.111749+00:00,macro,NEUTRAL,BULLISH,0
2026-02-17 14:38:27.111749+00:00,geopolitical,NEUTRAL,BULLISH,0
2026-02-17 14:38:27.111749+00:00,supply_chain,BULLISH,BULLISH,1
2026-02-17 14:38:27.111749+00:00,inventory,BEARISH,BULLISH,0
2026-02-17 14:38:27.111749+00:00,sentiment,BEARISH,BULLISH,0
2026-02-17 14:38:27.111749+00:00,technical,BEARISH,BULLISH,0
2026-02-17 14:38:27.111749+00:00,volatility,BEARISH,BULLISH,0
2026-02-17 15:29:45.155976+00:00,agronomist,BEARISH,BULLISH,0
2026-02-17 15:29:45.161799+00:00,macro,NEUTRAL,BULLISH,0
2026-02-17 15:29:45.166427+00:00,geopolitical,NEUTRAL,BULLISH,0
2026-02-17 15:29:45.170181+00:00,supply_chain,BULLISH,BULLISH,1
2026-02-17 15:29:45.198764+00:00,inventory,BEARISH,BULLISH,0
2026-02-17 15:29:45.202821+00:00,sentiment,NEUTRAL,BULLISH,0
2026-02-17 15:29:45.206497+00:00,technical,BEARISH,BULLISH,0
2026-02-17 15:29:45.210663+00:00,volatility,BEARISH,BULLISH,0
2026-02-17 16:03:59.645510+00:00,agronomist,BEARISH,BULLISH,0
2026-02-17 16:03:59.645510+00:00,macro,NEUTRAL,BULLISH,0
2026-02-17 16:03:59.645510+00:00,geopolitical,NEUTRAL,BULLISH,0
2026-02-17 16:03:59.645510+00:00,supply_chain,BULLISH,BULLISH,1
2026-02-17 16:03:59.645510+00:00,inventory,BEARISH,BULLISH,0
2026-02-17 16:03:59.645510+00:00,sentiment,BEARISH,BULLISH,0
2026-02-17 16:03:59.645510+00:00,technical,BEARISH,BULLISH,0
2026-02-17 16:03:59.645510+00:00,volatility,BEARISH,BULLISH,0
2026-02-17 16:11:16.988620+00:00,agronomist,BEARISH,BULLISH,0
2026-02-17 16:11:17.026652+00:00,macro,NEUTRAL,BULLISH,0
2026-02-17 16:11:17.031140+00:00,geopolitical,NEUTRAL,BULLISH,0
2026-02-17 16:11:17.035679+00:00,supply_chain,BULLISH,BULLISH,1
2026-02-17 16:11:17.063470+00:00,inventory,BEARISH,BULLISH,0
2026-02-17 16:11:17.067529+00:00,sentiment,BEARISH,BULLISH,0
2026-02-17 16:11:17.072064+00:00,technical,BEARISH,BULLISH,0
2026-02-17 16:11:17.075990+00:00,volatility,BEARISH,BULLISH,0
2026-02-17 16:43:28.628699+00:00,agronomist,BEARISH,BULLISH,0
2026-02-17 16:43:28.628699+00:00,macro,NEUTRAL,BULLISH,0
2026-02-17 16:43:28.628699+00:00,geopolitical,NEUTRAL,BULLISH,0
2026-02-17 16:43:28.628699+00:00,supply_chain,NEUTRAL,BULLISH,0
2026-02-17 16:43:28.628699+00:00,inventory,BULLISH,BULLISH,1
2026-02-17 16:43:28.628699+00:00,sentiment,NEUTRAL,BULLISH,0
2026-02-17 16:43:28.628699+00:00,technical,BEARISH,BULLISH,0
2026-02-17 16:43:28.628699+00:00,volatility,NEUTRAL,BULLISH,0
2026-02-17 16:43:28.628699+00:00,master_decision,BEARISH,BULLISH,0
2026-02-17 16:43:47.675694+00:00,agronomist,NEUTRAL,BULLISH,0
2026-02-17 16:43:47.675694+00:00,macro,NEUTRAL,BULLISH,0
2026-02-17 16:43:47.675694+00:00,geopolitical,NEUTRAL,BULLISH,0
2026-02-17 16:43:47.675694+00:00,supply_chain,NEUTRAL,BULLISH,0
2026-02-17 16:43:47.675694+00:00,inventory,NEUTRAL,BULLISH,0
2026-02-17 16:43:47.675694+00:00,sentiment,NEUTRAL,BULLISH,0
2026-02-17 16:43:47.675694+00:00,technical,BULLISH,BULLISH,1
2026-02-17 16:43:47.675694+00:00,volatility,NEUTRAL,BULLISH,0
2026-02-17 16:43:47.675694+00:00,master_decision,NEUTRAL,BULLISH,0
2026-02-17 16:45:00.483214+00:00,agronomist,NEUTRAL,BULLISH,0
2026-02-17 16:45:00.483214+00:00,macro,NEUTRAL,BULLISH,0
2026-02-17 16:45:00.483214+00:00,geopolitical,NEUTRAL,BULLISH,0
2026-02-17 16:45:00.483214+00:00,supply_chain,NEUTRAL,BULLISH,0
2026-02-17 16:45:00.483214+00:00,inventory,NEUTRAL,BULLISH,0
2026-02-17 16:45:00.483214+00:00,sentiment,NEUTRAL,BULLISH,0
2026-02-17 16:45:00.483214+00:00,technical,BEARISH,BULLISH,0
2026-02-17 16:45:00.483214+00:00,volatility,NEUTRAL,BULLISH,0
2026-02-17 16:45:00.483214+00:00,master_decision,BEARISH,BULLISH,0
2026-02-17 16:46:46.380610+00:00,agronomist,NEUTRAL,BULLISH,0
2026-02-17 16:46:46.380610+00:00,macro,NEUTRAL,BULLISH,0
2026-02-17 16:46:46.380610+00:00,geopolitical,NEUTRAL,BULLISH,0
2026-02-17 16:46:46.380610+00:00,supply_chain,NEUTRAL,BULLISH,0
2026-02-17 16:46:46.380610+00:00,inventory,NEUTRAL,BULLISH,0
2026-02-17 16:46:46.380610+00:00,sentiment,NEUTRAL,BULLISH,0
2026-02-17 16:46:46.380610+00:00,technical,BULLISH,BULLISH,1
2026-02-17 16:46:46.380610+00:00,volatility,NEUTRAL,BULLISH,0
2026-02-17 16:47:00.143303+00:00,agronomist,BEARISH,BULLISH,0
2026-02-17 16:47:00.143303+00:00,macro,NEUTRAL,BULLISH,0
2026-02-17 16:47:00.143303+00:00,geopolitical,NEUTRAL,BULLISH,0
2026-02-17 16:47:00.143303+00:00,supply_chain,NEUTRAL,BULLISH,0
2026-02-17 16:47:00.143303+00:00,inventory,NEUTRAL,BULLISH,0
2026-02-17 16:47:00.143303+00:00,sentiment,NEUTRAL,BULLISH,0
2026-02-17 16:47:00.143303+00:00,technical,BULLISH,BULLISH,1
2026-02-17 16:47:00.143303+00:00,volatility,NEUTRAL,BULLISH,0
2026-02-19 16:00:00+00:00,master_decision,BEARISH,BULLISH,0
2026-02-19 16:00:00+00:00,master_decision,BEARISH,BULLISH,0
2026-02-19 16:00:00+00:00,master_decision,BEARISH,BULLISH,0
2026-02-19 16:00:00+00:00,master_decision,BEARISH,BEARISH,1
2026-02-19 16:00:00+00:00,master_decision,BEARISH,BEARISH,1
2026-02-19 16:00:00+00:00,strategy_iron_condor,LOW_VOL,STAYED_FLAT,0
2026-02-19 16:00:00+00:00,strategy_iron_condor,LOW_VOL,STAYED_FLAT,0
2026-02-19 16:00:00+00:00,strategy_iron_condor,LOW_VOL,STAYED_FLAT,0
2026-02-19 16:00:00+00:00,master_decision,BEARISH,BULLISH,0
2026-02-19 16:00:00+00:00,master_decision,BEARISH,BULLISH,0
2026-02-19 16:00:00+00:00,master_decision,NEUTRAL,BEARISH,0
2026-02-19 16:00:00+00:00,master_decision,BEARISH,BULLISH,0
2026-02-19 16:00:00+00:00,master_decision,NEUTRAL,BEARISH,0
2026-02-19 16:00:00+00:00,strategy_iron_condor,LOW_VOL,STAYED_FLAT,0
2026-02-19 16:00:00+00:00,master_decision,NEUTRAL,BEARISH,0
2026-02-19 16:00:00+00:00,master_decision,BEARISH,BULLISH,0
2026-02-19 16:00:00+00:00,master_decision,BEARISH,BULLISH,0
2026-02-19 16:00:00+00:00,master_decision,BEARISH,BEARISH,1
2026-02-19 16:00:00+00:00,master_decision,BEARISH,BEARISH,1
2026-02-19 16:00:00+00:00,strategy_iron_condor,LOW_VOL,STAYED_FLAT,0
2026-02-19 16:00:00+00:00,strategy_iron_condor,LOW_VOL,STAYED_FLAT,0
2026-02-19 16:00:00+00:00,master_decision,BEARISH,BEARISH,1
2026-02-19 16:00:00+00:00,master_decision,BEARISH,BEARISH,1
2026-02-19 16:00:00+00:00,master_decision,BEARISH,BULLISH,0
2026-02-19 16:00:00+00:00,master_decision,NEUTRAL,BEARISH,0
2026-02-19 16:00:00+00:00,master_decision,BEARISH,BEARISH,1
2026-02-18 09:47:24.284010+00:00,agronomist,BEARISH,BULLISH,0
2026-02-18 09:47:24.284010+00:00,macro,NEUTRAL,BULLISH,0
2026-02-18 09:47:24.284010+00:00,geopolitical,NEUTRAL,BULLISH,0
2026-02-18 09:47:24.284010+00:00,supply_chain,BULLISH,BULLISH,1
2026-02-18 09:47:24.284010+00:00,inventory,BEARISH,BULLISH,0
2026-02-18 09:47:24.284010+00:00,sentiment,BEARISH,BULLISH,0
2026-02-18 09:47:24.284010+00:00,technical,BEARISH,BULLISH,0
2026-02-18 09:47:24.284010+00:00,volatility,BEARISH,BULLISH,0
2026-02-18 09:47:24.284010+00:00,master_decision,BEARISH,BULLISH,0
2026-02-18 09:48:36.501230+00:00,agronomist,BEARISH,BULLISH,0
2026-02-18 09:48:36.501230+00:00,macro,NEUTRAL,BULLISH,0
2026-02-18 09:48:36.501230+00:00,geopolitical,NEUTRAL,BULLISH,0
2026-02-18 09:48:36.501230+00:00,supply_chain,BULLISH,BULLISH,1
2026-02-18 09:48:36.501230+00:00,inventory,BULLISH,BULLISH,1
2026-02-18 09:48:36.501230+00:00,sentiment,BEARISH,BULLISH,0
2026-02-18 09:48:36.501230+00:00,technical,BEARISH,BULLISH,0
2026-02-18 09:48:36.501230+00:00,volatility,BEARISH,BULLISH,0
2026-02-18 09:48:36.501230+00:00,master_decision,BEARISH,BULLISH,0
2026-02-18 09:49:37.074776+00:00,agronomist,BEARISH,BULLISH,0
2026-02-18 09:49:37.074776+00:00,macro,NEUTRAL,BULLISH,0
2026-02-18 09:49:37.074776+00:00,geopolitical,NEUTRAL,BULLISH,0
2026-02-18 09:49:37.074776+00:00,supply_chain,BULLISH,BULLISH,1
2026-02-18 09:49:37.074776+00:00,inventory,BEARISH,BULLISH,0
2026-02-18 09:49:37.074776+00:00,sentiment,BEARISH,BULLISH,0
2026-02-18 09:49:37.074776+00:00,technical,BEARISH,BULLISH,0
2026-02-18 09:49:37.074776+00:00,volatility,BEARISH,BULLISH,0
2026-02-18 09:49:37.074776+00:00,master_decision,BEARISH,BULLISH,0
2026-02-18 09:50:44.474664+00:00,agronomist,BEARISH,BEARISH,1
2026-02-18 09:50:44.474664+00:00,macro,NEUTRAL,BEARISH,0
2026-02-18 09:50:44.474664+00:00,geopolitical,NEUTRAL,BEARISH,0
2026-02-18 09:50:44.474664+00:00,supply_chain,BULLISH,BEARISH,0
2026-02-18 09:50:44.474664+00:00,inventory,BEARISH,BEARISH,1
2026-02-18 09:50:44.474664+00:00,sentiment,BEARISH,BEARISH,1
2026-02-18 09:50:44.474664+00:00,technical,BEARISH,BEARISH,1
2026-02-18 09:50:44.474664+00:00,volatility,BEARISH,BEARISH,1
2026-02-18 09:50:44.474664+00:00,master_decision,BEARISH,BEARISH,1
2026-02-18 09:54:38.762224+00:00,agronomist,BEARISH,BEARISH,1
2026-02-18 09:54:38.762224+00:00,macro,NEUTRAL,BEARISH,0
2026-02-18 09:54:38.762224+00:00,geopolitical,NEUTRAL,BEARISH,0
2026-02-18 09:54:38.762224+00:00,supply_chain,BULLISH,BEARISH,0
2026-02-18 09:54:38.762224+00:00,inventory,BEARISH,BEARISH,1
2026-02-18 09:54:38.762224+00:00,sentiment,BEARISH,BEARISH,1
2026-02-18 09:54:38.762224+00:00,technical,BEARISH,BEARISH,1
2026-02-18 09:54:38.762224+00:00,volatility,BEARISH,BEARISH,1
2026-02-18 09:54:38.762224+00:00,master_decision,BEARISH,BEARISH,1
2026-02-18 10:53:57.245887+00:00,agronomist,BULLISH,BULLISH,1
2026-02-18 10:53:57.250818+00:00,macro,NEUTRAL,BULLISH,0
2026-02-18 10:53:57.255092+00:00,geopolitical,NEUTRAL,BULLISH,0
2026-02-18 10:53:57.278584+00:00,supply_chain,BULLISH,BULLISH,1
2026-02-18 10:53:57.282134+00:00,inventory,BEARISH,BULLISH,0
2026-02-18 10:53:57.284904+00:00,sentiment,BEARISH,BULLISH,0
2026-02-18 10:53:57.288791+00:00,technical,BEARISH,BULLISH,0
2026-02-18 10:53:57.292431+00:00,volatility,BEARISH,BULLISH,0
2026-02-18 10:58:36.626987+00:00,agronomist,BULLISH,BULLISH,1
2026-02-18 10:58:36.630584+00:00,macro,BEARISH,BULLISH,0
2026-02-18 10:58:36.633656+00:00,geopolitical,BEARISH,BULLISH,0
2026-02-18 10:58:36.651615+00:00,sentiment,BEARISH,BULLISH,0
2026-02-18 10:58:36.654763+00:00,volatility,BEARISH,BULLISH,0
2026-02-18 11:24:14.517525+00:00,agronomist,BULLISH,BULLISH,1
2026-02-18 11:24:14.521860+00:00,macro,BEARISH,BULLISH,0
2026-02-18 11:24:14.525183+00:00,geopolitical,BEARISH,BULLISH,0
2026-02-18 11:24:14.543713+00:00,sentiment,BEARISH,BULLISH,0
2026-02-18 11:24:14.546491+00:00,volatility,BEARISH,BULLISH,0
2026-02-18 12:06:12.457997+00:00,agronomist,BEARISH,BULLISH,0
2026-02-18 12:06:12.457997+00:00,macro,NEUTRAL,BULLISH,0
2026-02-18 12:06:12.457997+00:00,geopolitical,NEUTRAL,BULLISH,0
2026-02-18 12:06:12.457997+00:00,supply_chain,BULLISH,BULLISH,1
2026-02-18 12:06:12.457997+00:00,inventory,BEARISH,BULLISH,0
2026-02-18 12:06:12.457997+00:00,sentiment,BEARISH,BULLISH,0
2026-02-18 12:06:12.457997+00:00,technical,NEUTRAL,BULLISH,0
2026-02-18 12:06:12.457997+00:00,volatility,BEARISH,BULLISH,0
2026-02-18 12:06:12.457997+00:00,master_decision,BEARISH,BULLISH,0
2026-02-18 12:06:50.189559+00:00,agronomist,BEARISH,BULLISH,0
2026-02-18 12:06:50.189559+00:00,macro,NEUTRAL,BULLISH,0
2026-02-18 12:06:50.189559+00:00,geopolitical,NEUTRAL,BULLISH,0
2026-02-18 12:06:50.189559+00:00,supply_chain,BULLISH,BULLISH,1
2026-02-18 12:06:50.189559+00:00,inventory,BEARISH,BULLISH,0
2026-02-18 12:06:50.189559+00:00,sentiment,BEARISH,BULLISH,0
2026-02-18 12:06:50.189559+00:00,technical,BEARISH,BULLISH,0
2026-02-18 12:06:50.189559+00:00,volatility,BEARISH,BULLISH,0
2026-02-18 12:06:50.189559+00:00,master_decision,BEARISH,BULLISH,0
2026-02-18 12:09:41.540336+00:00,agronomist,BEARISH,BEARISH,1
2026-02-18 12:09:41.540336+00:00,macro,NEUTRAL,BEARISH,0
2026-02-18 12:09:41.540336+00:00,geopolitical,NEUTRAL,BEARISH,0
2026-02-18 12:09:41.540336+00:00,supply_chain,BULLISH,BEARISH,0
2026-02-18 12:09:41.540336+00:00,inventory,NEUTRAL,BEARISH,0
2026-02-18 12:09:41.540336+00:00,sentiment,BEARISH,BEARISH,1
2026-02-18 12:09:41.540336+00:00,technical,BEARISH,BEARISH,1
2026-02-18 12:09:41.540336+00:00,volatility,BEARISH,BEARISH,1
2026-02-18 12:09:41.540336+00:00,master_decision,NEUTRAL,BEARISH,0
2026-02-18 12:12:35.423735+00:00,agronomist,BEARISH,BULLISH,0
2026-02-18 12:12:35.423735+00:00,macro,NEUTRAL,BULLISH,0
2026-02-18 12:12:35.423735+00:00,geopolitical,NEUTRAL,BULLISH,0
2026-02-18 12:12:35.423735+00:00,supply_chain,BULLISH,BULLISH,1
2026-02-18 12:12:35.423735+00:00,inventory,NEUTRAL,BULLISH,0
2026-02-18 12:12:35.423735+00:00,sentiment,BEARISH,BULLISH,0
2026-02-18 12:12:35.423735+00:00,technical,BEARISH,BULLISH,0
2026-02-18 12:12:35.423735+00:00,volatility,BEARISH,BULLISH,0
2026-02-18 12:12:35.423735+00:00,master_decision,BEARISH,BULLISH,0
2026-02-18 12:13:16.903629+00:00,agronomist,BEARISH,BEARISH,1
2026-02-18 12:13:16.903629+00:00,macro,NEUTRAL,BEARISH,0
2026-02-18 12:13:16.903629+00:00,geopolitical,NEUTRAL,BEARISH,0
2026-02-18 12:13:16.903629+00:00,supply_chain,BULLISH,BEARISH,0
2026-02-18 12:13:16.903629+00:00,inventory,NEUTRAL,BEARISH,0
2026-02-18 12:13:16.903629+00:00,sentiment,BEARISH,BEARISH,1
2026-02-18 12:13:16.903629+00:00,technical,BEARISH,BEARISH,1
2026-02-18 12:13:16.903629+00:00,volatility,BEARISH,BEARISH,1
2026-02-18 12:13:16.903629+00:00,master_decision,NEUTRAL,BEARISH,0
2026-02-18 12:54:57.104395+00:00,agronomist,BEARISH,BULLISH,0
2026-02-18 12:54:57.108959+00:00,macro,NEUTRAL,BULLISH,0
2026-02-18 12:54:57.112520+00:00,geopolitical,NEUTRAL,BULLISH,0
2026-02-18 12:54:57.116063+00:00,supply_chain,BULLISH,BULLISH,1
2026-02-18 12:54:57.119220+00:00,inventory,NEUTRAL,BULLISH,0
2026-02-18 12:54:57.122887+00:00,sentiment,NEUTRAL,BULLISH,0
2026-02-18 12:54:57.145140+00:00,technical,BEARISH,BULLISH,0
2026-02-18 12:54:57.148815+00:00,volatility,BEARISH,BULLISH,0
2026-02-18 14:25:30.602066+00:00,agronomist,BEARISH,BEARISH,1
2026-02-18 14:25:30.602066+00:00,macro,NEUTRAL,BEARISH,0
2026-02-18 14:25:30.602066+00:00,geopolitical,NEUTRAL,BEARISH,0
2026-02-18 14:25:30.602066+00:00,supply_chain,BULLISH,BEARISH,0
2026-02-18 14:25:30.602066+00:00,inventory,NEUTRAL,BEARISH,0
2026-02-18 14:25:30.602066+00:00,sentiment,NEUTRAL,BEARISH,0
2026-02-18 14:25:30.602066+00:00,technical,BEARISH,BEARISH,1
2026-02-18 14:25:30.602066+00:00,volatility,BEARISH,BEARISH,1
2026-02-18 14:25:30.602066+00:00,master_decision,NEUTRAL,BEARISH,0
2026-02-18 14:25:49.627075+00:00,agronomist,BEARISH,BULLISH,0
2026-02-18 14:25:49.627075+00:00,macro,NEUTRAL,BULLISH,0
2026-02-18 14:25:49.627075+00:00,geopolitical,NEUTRAL,BULLISH,0
2026-02-18 14:25:49.627075+00:00,supply_chain,BULLISH,BULLISH,1
2026-02-18 14:25:49.627075+00:00,inventory,BEARISH,BULLISH,0
2026-02-18 14:25:49.627075+00:00,sentiment,BEARISH,BULLISH,0
2026-02-18 14:25:49.627075+00:00,technical,BEARISH,BULLISH,0
2026-02-18 14:25:49.627075+00:00,volatility,BEARISH,BULLISH,0
2026-02-18 14:25:49.627075+00:00,master_decision,BEARISH,BULLISH,0
2026-02-18 14:25:59.358562+00:00,agronomist,BEARISH,BULLISH,0
2026-02-18 14:25:59.358562+00:00,macro,NEUTRAL,BULLISH,0
2026-02-18 14:25:59.358562+00:00,geopolitical,NEUTRAL,BULLISH,0
2026-02-18 14:25:59.358562+00:00,supply_chain,BULLISH,BULLISH,1
2026-02-18 14:25:59.358562+00:00,inventory,BEARISH,BULLISH,0
2026-02-18 14:25:59.358562+00:00,sentiment,BEARISH,BULLISH,0
2026-02-18 14:25:59.358562+00:00,technical,BEARISH,BULLISH,0
2026-02-18 14:25:59.358562+00:00,volatility,BEARISH,BULLISH,0
2026-02-18 14:25:59.358562+00:00,master_decision,BEARISH,BULLISH,0
2026-02-18 14:28:36.366106+00:00,agronomist,BEARISH,BEARISH,1
2026-02-18 14:28:36.366106+00:00,macro,NEUTRAL,BEARISH,0
2026-02-18 14:28:36.366106+00:00,geopolitical,NEUTRAL,BEARISH,0
2026-02-18 14:28:36.366106+00:00,supply_chain,BULLISH,BEARISH,0
2026-02-18 14:28:36.366106+00:00,inventory,BEARISH,BEARISH,1
2026-02-18 14:28:36.366106+00:00,sentiment,BEARISH,BEARISH,1
2026-02-18 14:28:36.366106+00:00,technical,BEARISH,BEARISH,1
2026-02-18 14:28:36.366106+00:00,volatility,BEARISH,BEARISH,1
2026-02-18 14:28:36.366106+00:00,master_decision,BEARISH,BEARISH,1
2026-02-18 14:30:41.282122+00:00,agronomist,BEARISH,BEARISH,1
2026-02-18 14:30:41.282122+00:00,macro,NEUTRAL,BEARISH,0
2026-02-18 14:30:41.282122+00:00,geopolitical,NEUTRAL,BEARISH,0
2026-02-18 14:30:41.282122+00:00,supply_chain,BULLISH,BEARISH,0
2026-02-18 14:30:41.282122+00:00,inventory,NEUTRAL,BEARISH,0
2026-02-18 14:30:41.282122+00:00,sentiment,BEARISH,BEARISH,1
2026-02-18 14:30:41.282122+00:00,technical,BEARISH,BEARISH,1
2026-02-18 14:30:41.282122+00:00,volatility,BEARISH,BEARISH,1
2026-02-18 14:30:41.282122+00:00,master_decision,BEARISH,BEARISH,1
2026-02-18 14:56:51.720969+00:00,agronomist,BEARISH,BULLISH,0
2026-02-18 14:56:51.744038+00:00,macro,NEUTRAL,BULLISH,0
2026-02-18 14:56:51.747764+00:00,geopolitical,NEUTRAL,BULLISH,0
2026-02-18 14:56:51.751751+00:00,supply_chain,BULLISH,BULLISH,1
2026-02-18 14:56:51.754716+00:00,inventory,NEUTRAL,BULLISH,0
2026-02-18 14:56:51.758191+00:00,sentiment,BEARISH,BULLISH,0
2026-02-18 14:56:51.762287+00:00,technical,BEARISH,BULLISH,0
2026-02-18 14:56:51.765702+00:00,volatility,BEARISH,BULLISH,0
2026-02-18 15:56:32.613125+00:00,sentiment,BEARISH,BULLISH,0
2026-02-18 16:47:32.123351+00:00,agronomist,NEUTRAL,BEARISH,0
2026-02-18 16:47:32.123351+00:00,macro,NEUTRAL,BEARISH,0
2026-02-18 16:47:32.123351+00:00,geopolitical,NEUTRAL,BEARISH,0
2026-02-18 16:47:32.123351+00:00,inventory,BEARISH,BEARISH,1
2026-02-18 16:47:32.123351+00:00,sentiment,BEARISH,BEARISH,1
2026-02-18 16:47:32.123351+00:00,technical,BEARISH,BEARISH,1
2026-02-18 16:47:32.123351+00:00,volatility,NEUTRAL,BEARISH,0
2026-02-18 16:47:32.123351+00:00,master_decision,BEARISH,BEARISH,1
2026-02-18 16:49:27.853206+00:00,agronomist,BEARISH,BEARISH,1
2026-02-18 16:49:27.853206+00:00,macro,NEUTRAL,BEARISH,0
2026-02-18 16:49:27.853206+00:00,geopolitical,NEUTRAL,BEARISH,0
2026-02-18 16:49:27.853206+00:00,supply_chain,NEUTRAL,BEARISH,0
2026-02-18 16:49:27.853206+00:00,inventory,BEARISH,BEARISH,1
2026-02-18 16:49:27.853206+00:00,sentiment,BEARISH,BEARISH,1
2026-02-18 16:49:27.853206+00:00,technical,BEARISH,BEARISH,1
2026-02-18 16:49:27.853206+00:00,volatility,NEUTRAL,BEARISH,0
2026-02-18 16:49:27.853206+00:00,master_decision,BEARISH,BEARISH,1
2026-02-18 16:51:12.738579+00:00,macro,NEUTRAL,BULLISH,0
2026-02-18 16:51:12.738579+00:00,geopolitical,NEUTRAL,BULLISH,0
2026-02-18 16:51:12.738579+00:00,supply_chain,BULLISH,BULLISH,1
2026-02-18 16:51:12.738579+00:00,inventory,BEARISH,BULLISH,0
2026-02-18 16:51:12.738579+00:00,sentiment,BEARISH,BULLISH,0
2026-02-18 16:51:12.738579+00:00,technical,BEARISH,BULLISH,0
2026-02-18 16:51:12.738579+00:00,master_decision,BEARISH,BULLISH,0
2026-02-18 16:54:44.083249+00:00,agronomist,BEARISH,BEARISH,1
2026-02-18 16:54:44.083249+00:00,macro,NEUTRAL,BEARISH,0
2026-02-18 16:54:44.083249+00:00,geopolitical,NEUTRAL,BEARISH,0
2026-02-18 16:54:44.083249+00:00,supply_chain,BULLISH,BEARISH,0
2026-02-18 16:54:44.083249+00:00,sentiment,BEARISH,BEARISH,1
2026-02-18 16:54:44.083249+00:00,technical,BEARISH,BEARISH,1
2026-02-18 16:54:44.083249+00:00,volatility,BEARISH,BEARISH,1
2026-02-18 16:54:44.083249+00:00,master_decision,NEUTRAL,BEARISH,0
2026-02-18 16:55:01.632452+00:00,agronomist,BEARISH,BEARISH,1
2026-02-18 16:55:01.632452+00:00,macro,NEUTRAL,BEARISH,0
2026-02-18 16:55:01.632452+00:00,geopolitical,NEUTRAL,BEARISH,0
2026-02-18 16:55:01.632452+00:00,sentiment,BEARISH,BEARISH,1
2026-02-18 16:55:01.632452+00:00,technical,BEARISH,BEARISH,1
2026-02-18 16:55:01.632452+00:00,volatility,NEUTRAL,BEARISH,0
2026-02-18 16:55:01.632452+00:00,master_decision,BEARISH,BEARISH,1
2026-02-20 16:00:00+00:00,master_decision,BEARISH,BEARISH,1
2026-02-20 16:00:00+00:00,master_decision,BEARISH,BEARISH,1
2026-02-20 16:00:00+00:00,master_decision,NEUTRAL,BEARISH,0
2026-02-20 16:00:00+00:00,master_decision,BEARISH,BEARISH,1
2026-02-20 16:00:00+00:00,master_decision,BEARISH,BEARISH,1
2026-02-20 16:00:00+00:00,master_decision,BEARISH,BULLISH,0
2026-02-20 16:00:00+00:00,master_decision,BEARISH,BULLISH,0
2026-02-20 16:00:00+00:00,master_decision,BEARISH,BULLISH,0
2026-02-20 16:00:00+00:00,master_decision,BEARISH,BULLISH,0
2026-02-20 16:00:00+00:00,master_decision,BEARISH,BULLISH,0
2026-02-20 16:00:00+00:00,master_decision,NEUTRAL,BULLISH,0
2026-02-20 16:00:00+00:00,master_decision,BEARISH,BULLISH,0
2026-02-20 16:00:00+00:00,master_decision,NEUTRAL,BULLISH,0
2026-02-20 16:00:00+00:00,master_decision,NEUTRAL,BULLISH,0
2026-02-20 16:00:00+00:00,master_decision,NEUTRAL,BULLISH,0
2026-02-20 16:00:00+00:00,master_decision,NEUTRAL,BULLISH,0
2026-02-20 16:00:00+00:00,master_decision,NEUTRAL,BULLISH,0
2026-02-20 16:00:00+00:00,master_decision,NEUTRAL,BULLISH,0
2026-02-20 16:00:00+00:00,master_decision,BEARISH,BULLISH,0
2026-02-20 16:00:00+00:00,master_decision,BEARISH,BULLISH,0
2026-02-20 16:00:00+00:00,master_decision,BEARISH,BULLISH,0
2026-02-20 16:00:00+00:00,master_decision,NEUTRAL,BULLISH,0
2026-02-20 16:00:00+00:00,master_decision,BEARISH,BULLISH,0
2026-02-20 16:00:00+00:00,master_decision,NEUTRAL,BULLISH,0
2026-02-19 09:51:35.261228+00:00,agronomist,BULLISH,BEARISH,0
2026-02-19 09:51:35.261228+00:00,macro,NEUTRAL,BEARISH,0
2026-02-19 09:51:35.261228+00:00,geopolitical,NEUTRAL,BEARISH,0
2026-02-19 09:51:35.261228+00:00,supply_chain,BULLISH,BEARISH,0
2026-02-19 09:51:35.261228+00:00,inventory,BEARISH,BEARISH,1
2026-02-19 09:51:35.261228+00:00,sentiment,BEARISH,BEARISH,1
2026-02-19 09:51:35.261228+00:00,technical,BEARISH,BEARISH,1
2026-02-19 09:51:35.261228+00:00,volatility,BEARISH,BEARISH,1
2026-02-19 09:51:35.261228+00:00,master_decision,BEARISH,BEARISH,1
2026-02-19 09:54:27.358177+00:00,agronomist,BEARISH,BEARISH,1
2026-02-19 09:54:27.358177+00:00,macro,NEUTRAL,BEARISH,0
2026-02-19 09:54:27.358177+00:00,geopolitical,NEUTRAL,BEARISH,0
2026-02-19 09:54:27.358177+00:00,supply_chain,BULLISH,BEARISH,0
2026-02-19 09:54:27.358177+00:00,inventory,BEARISH,BEARISH,1
2026-02-19 09:54:27.358177+00:00,sentiment,BEARISH,BEARISH,1
2026-02-19 09:54:27.358177+00:00,technical,BEARISH,BEARISH,1
2026-02-19 09:54:27.358177+00:00,volatility,BEARISH,BEARISH,1
2026-02-19 09:54:27.358177+00:00,master_decision,BEARISH,BEARISH,1
2026-02-19 09:55:03.692440+00:00,agronomist,BEARISH,BEARISH,1
2026-02-19 09:55:03.692440+00:00,macro,NEUTRAL,BEARISH,0
2026-02-19 09:55:03.692440+00:00,geopolitical,NEUTRAL,BEARISH,0
2026-02-19 09:55:03.692440+00:00,supply_chain,BULLISH,BEARISH,0
2026-02-19 09:55:03.692440+00:00,inventory,NEUTRAL,BEARISH,0
2026-02-19 09:55:03.692440+00:00,sentiment,BEARISH,BEARISH,1
2026-02-19 09:55:03.692440+00:00,technical,BEARISH,BEARISH,1
2026-02-19 09:55:03.692440+00:00,volatility,NEUTRAL,BEARISH,0
2026-02-19 09:55:03.692440+00:00,master_decision,NEUTRAL,BEARISH,0
2026-02-19 10:00:25.015255+00:00,agronomist,BEARISH,BEARISH,1
2026-02-19 10:00:25.015255+00:00,macro,NEUTRAL,BEARISH,0
2026-02-19 10:00:25.015255+00:00,geopolitical,NEUTRAL,BEARISH,0
2026-02-19 10:00:25.015255+00:00,supply_chain,BULLISH,BEARISH,0
2026-02-19 10:00:25.015255+00:00,inventory,BEARISH,BEARISH,1
2026-02-19 10:00:25.015255+00:00,sentiment,BEARISH,BEARISH,1
2026-02-19 10:00:25.015255+00:00,technical,BEARISH,BEARISH,1
2026-02-19 10:00:25.015255+00:00,volatility,BEARISH,BEARISH,1
2026-02-19 10:00:25.015255+00:00,master_decision,BEARISH,BEARISH,1
2026-02-19 10:06:04.023724+00:00,agronomist,NEUTRAL,BEARISH,0
2026-02-19 10:06:04.023724+00:00,macro,NEUTRAL,BEARISH,0
2026-02-19 10:06:04.023724+00:00,geopolitical,NEUTRAL,BEARISH,0
2026-02-19 10:06:04.023724+00:00,supply_chain,BULLISH,BEARISH,0
2026-02-19 10:06:04.023724+00:00,inventory,BEARISH,BEARISH,1
2026-02-19 10:06:04.023724+00:00,sentiment,BEARISH,BEARISH,1
2026-02-19 10:06:04.023724+00:00,technical,BEARISH,BEARISH,1
2026-02-19 10:06:04.023724+00:00,volatility,NEUTRAL,BEARISH,0
2026-02-19 10:06:04.023724+00:00,master_decision,BEARISH,BEARISH,1
2026-02-19 12:09:31.617465+00:00,agronomist,NEUTRAL,BULLISH,0
2026-02-19 12:09:31.617465+00:00,macro,NEUTRAL,BULLISH,0
2026-02-19 12:09:31.617465+00:00,geopolitical,NEUTRAL,BULLISH,0
2026-02-19 12:09:31.617465+00:00,supply_chain,BULLISH,BULLISH,1
2026-02-19 12:09:31.617465+00:00,inventory,BEARISH,BULLISH,0
2026-02-19 12:09:31.617465+00:00,sentiment,BEARISH,BULLISH,0
2026-02-19 12:09:31.617465+00:00,technical,BEARISH,BULLISH,0
2026-02-19 12:09:31.617465+00:00,volatility,BEARISH,BULLISH,0
2026-02-19 12:09:31.617465+00:00,master_decision,BEARISH,BULLISH,0
2026-02-19 12:10:25.438544+00:00,agronomist,BEARISH,BULLISH,0
2026-02-19 12:10:25.438544+00:00,macro,NEUTRAL,BULLISH,0
2026-02-19 12:10:25.438544+00:00,geopolitical,NEUTRAL,BULLISH,0
2026-02-19 12:10:25.438544+00:00,supply_chain,BULLISH,BULLISH,1
2026-02-19 12:10:25.438544+00:00,inventory,BEARISH,BULLISH,0
2026-02-19 12:10:25.438544+00:00,sentiment,BEARISH,BULLISH,0
2026-02-19 12:10:25.438544+00:00,technical,BEARISH,BULLISH,0
2026-02-19 12:10:25.438544+00:00,volatility,BEARISH,BULLISH,0
2026-02-19 12:10:25.438544+00:00,master_decision,BEARISH,BULLISH,0
2026-02-19 12:11:30.456033+00:00,agronomist,BEARISH,BULLISH,0
2026-02-19 12:11:30.456033+00:00,macro,NEUTRAL,BULLISH,0
2026-02-19 12:11:30.456033+00:00,geopolitical,NEUTRAL,BULLISH,0
2026-02-19 12:11:30.456033+00:00,supply_chain,BULLISH,BULLISH,1
2026-02-19 12:11:30.456033+00:00,inventory,BULLISH,BULLISH,1
2026-02-19 12:11:30.456033+00:00,sentiment,BEARISH,BULLISH,0
2026-02-19 12:11:30.456033+00:00,technical,BEARISH,BULLISH,0
2026-02-19 12:11:30.456033+00:00,volatility,BEARISH,BULLISH,0
2026-02-19 12:11:30.456033+00:00,master_decision,BEARISH,BULLISH,0
2026-02-19 12:16:03.205093+00:00,agronomist,NEUTRAL,BULLISH,0
2026-02-19 12:16:03.205093+00:00,macro,NEUTRAL,BULLISH,0
2026-02-19 12:16:03.205093+00:00,geopolitical,NEUTRAL,BULLISH,0
2026-02-19 12:16:03.205093+00:00,supply_chain,BULLISH,BULLISH,1
2026-02-19 12:16:03.205093+00:00,inventory,BEARISH,BULLISH,0
2026-02-19 12:16:03.205093+00:00,sentiment,BEARISH,BULLISH,0
2026-02-19 12:16:03.205093+00:00,technical,BEARISH,BULLISH,0
2026-02-19 12:16:03.205093+00:00,volatility,NEUTRAL,BULLISH,0
2026-02-19 12:16:03.205093+00:00,master_decision,BEARISH,BULLISH,0
2026-02-19 12:19:50.548816+00:00,agronomist,BEARISH,BULLISH,0
2026-02-19 12:19:50.548816+00:00,macro,NEUTRAL,BULLISH,0
2026-02-19 12:19:50.548816+00:00,geopolitical,NEUTRAL,BULLISH,0
2026-02-19 12:19:50.548816+00:00,supply_chain,BULLISH,BULLISH,1
2026-02-19 12:19:50.548816+00:00,inventory,BEARISH,BULLISH,0
2026-02-19 12:19:50.548816+00:00,sentiment,BEARISH,BULLISH,0
2026-02-19 12:19:50.548816+00:00,technical,NEUTRAL,BULLISH,0
2026-02-19 12:19:50.548816+00:00,volatility,NEUTRAL,BULLISH,0
2026-02-19 12:19:50.548816+00:00,master_decision,BEARISH,BULLISH,0
2026-02-19 12:40:06.662795+00:00,agronomist,BULLISH,BULLISH,1
2026-02-19 12:40:06.667704+00:00,macro,NEUTRAL,BULLISH,0
2026-02-19 12:40:06.694706+00:00,geopolitical,NEUTRAL,BULLISH,0
2026-02-19 12:40:06.698634+00:00,supply_chain,BULLISH,BULLISH,1
2026-02-19 12:40:06.702348+00:00,inventory,BEARISH,BULLISH,0
2026-02-19 12:40:06.705908+00:00,sentiment,BEARISH,BULLISH,0
2026-02-19 12:40:06.710136+00:00,technical,NEUTRAL,BULLISH,0
2026-02-19 12:40:06.713731+00:00,volatility,NEUTRAL,BULLISH,0
2026-02-19 14:24:47.017013+00:00,agronomist,BEARISH,BULLISH,0
2026-02-19 14:24:47.017013+00:00,macro,NEUTRAL,BULLISH,0
2026-02-19 14:24:47.017013+00:00,geopolitical,NEUTRAL,BULLISH,0
2026-02-19 14:24:47.017013+00:00,supply_chain,BULLISH,BULLISH,1
2026-02-19 14:24:47.017013+00:00,inventory,BEARISH,BULLISH,0
2026-02-19 14:24:47.017013+00:00,sentiment,BEARISH,BULLISH,0
2026-02-19 14:24:47.017013+00:00,technical,BEARISH,BULLISH,0
2026-02-19 14:24:47.017013+00:00,volatility,BEARISH,BULLISH,0
2026-02-19 14:24:47.017013+00:00,master_decision,BEARISH,BULLISH,0
2026-02-19 14:25:49.911426+00:00,agronomist,BEARISH,BULLISH,0
2026-02-19 14:25:49.911426+00:00,macro,NEUTRAL,BULLISH,0
2026-02-19 14:25:49.911426+00:00,geopolitical,NEUTRAL,BULLISH,0
2026-02-19 14:25:49.911426+00:00,supply_chain,BULLISH,BULLISH,1
2026-02-19 14:25:49.911426+00:00,inventory,BEARISH,BULLISH,0
2026-02-19 14:25:49.911426+00:00,sentiment,BEARISH,BULLISH,0
2026-02-19 14:25:49.911426+00:00,technical,BEARISH,BULLISH,0
2026-02-19 14:25:49.911426+00:00,volatility,NEUTRAL,BULLISH,0
2026-02-19 14:27:46.161201+00:00,agronomist,BEARISH,BULLISH,0
2026-02-19 14:27:46.161201+00:00,macro,NEUTRAL,BULLISH,0
2026-02-19 14:27:46.161201+00:00,geopolitical,NEUTRAL,BULLISH,0
2026-02-19 14:27:46.161201+00:00,supply_chain,BULLISH,BULLISH,1
2026-02-19 14:27:46.161201+00:00,inventory,BEARISH,BULLISH,0
2026-02-19 14:27:46.161201+00:00,sentiment,BEARISH,BULLISH,0
2026-02-19 14:27:46.161201+00:00,technical,BEARISH,BULLISH,0
2026-02-19 14:27:46.161201+00:00,volatility,BEARISH,BULLISH,0
2026-02-19 14:27:47.455469+00:00,agronomist,BEARISH,BULLISH,0
2026-02-19 14:27:47.455469+00:00,macro,NEUTRAL,BULLISH,0
2026-02-19 14:27:47.455469+00:00,geopolitical,NEUTRAL,BULLISH,0
2026-02-19 14:27:47.455469+00:00,inventory,BEARISH,BULLISH,0
2026-02-19 14:27:47.455469+00:00,sentiment,BEARISH,BULLISH,0
2026-02-19 14:27:47.455469+00:00,technical,BEARISH,BULLISH,0
2026-02-19 14:27:47.455469+00:00,volatility,BEARISH,BULLISH,0
2026-02-19 14:30:25.463303+00:00,agronomist,BEARISH,BULLISH,0
2026-02-19 14:30:25.463303+00:00,macro,NEUTRAL,BULLISH,0
2026-02-19 14:30:25.463303+00:00,geopolitical,NEUTRAL,BULLISH,0
2026-02-19 14:30:25.463303+00:00,supply_chain,BULLISH,BULLISH,1
2026-02-19 14:30:25.463303+00:00,inventory,BEARISH,BULLISH,0
2026-02-19 14:30:25.463303+00:00,sentiment,BEARISH,BULLISH,0
2026-02-19 14:30:25.463303+00:00,technical,BEARISH,BULLISH,0
2026-02-19 14:30:25.463303+00:00,volatility,BEARISH,BULLISH,0
2026-02-19 14:35:29.212443+00:00,agronomist,BEARISH,BULLISH,0
2026-02-19 14:35:29.218322+00:00,macro,NEUTRAL,BULLISH,0
2026-02-19 14:35:29.223851+00:00,geopolitical,NEUTRAL,BULLISH,0
2026-02-19 14:35:29.228415+00:00,supply_chain,BULLISH,BULLISH,1
2026-02-19 14:35:29.232559+00:00,inventory,BEARISH,BULLISH,0
2026-02-19 14:35:29.267408+00:00,sentiment,BEARISH,BULLISH,0
2026-02-19 14:35:29.271090+00:00,technical,BEARISH,BULLISH,0
2026-02-19 14:35:29.274659+00:00,volatility,BEARISH,BULLISH,0
2026-02-19 14:56:23.266788+00:00,agronomist,BEARISH,BULLISH,0
2026-02-19 14:56:23.271528+00:00,macro,NEUTRAL,BULLISH,0
2026-02-19 14:56:23.275483+00:00,geopolitical,NEUTRAL,BULLISH,0
2026-02-19 14:56:23.279385+00:00,supply_chain,BULLISH,BULLISH,1
2026-02-19 14:56:23.283666+00:00,inventory,BEARISH,BULLISH,0
2026-02-19 14:56:23.317520+00:00,sentiment,BEARISH,BULLISH,0
2026-02-19 14:56:23.321826+00:00,technical,BEARISH,BULLISH,0
2026-02-19 14:56:23.327264+00:00,volatility,BEARISH,BULLISH,0
2026-02-19 16:36:51.344559+00:00,agronomist,BULLISH,BULLISH,1
2026-02-19 16:43:21.922987+00:00,agronomist,BULLISH,BULLISH,1
2026-02-19 16:43:21.922987+00:00,macro,NEUTRAL,BULLISH,0
2026-02-19 16:43:21.922987+00:00,geopolitical,NEUTRAL,BULLISH,0
2026-02-19 16:43:21.922987+00:00,supply_chain,NEUTRAL,BULLISH,0
2026-02-19 16:43:21.922987+00:00,inventory,BEARISH,BULLISH,0
2026-02-19 16:43:21.922987+00:00,sentiment,BEARISH,BULLISH,0
2026-02-19 16:43:21.922987+00:00,technical,BEARISH,BULLISH,0
2026-02-19 16:43:21.922987+00:00,volatility,BEARISH,BULLISH,0
2026-02-19 16:43:21.922987+00:00,master_decision,BEARISH,BULLISH,0
2026-02-19 16:43:37.563173+00:00,agronomist,BEARISH,BULLISH,0
2026-02-19 16:43:37.563173+00:00,macro,NEUTRAL,BULLISH,0
2026-02-19 16:43:37.563173+00:00,geopolitical,NEUTRAL,BULLISH,0
2026-02-19 16:43:37.563173+00:00,supply_chain,NEUTRAL,BULLISH,0
2026-02-19 16:43:37.563173+00:00,inventory,NEUTRAL,BULLISH,0
2026-02-19 16:43:37.563173+00:00,sentiment,BEARISH,BULLISH,0
2026-02-19 16:43:37.563173+00:00,technical,BEARISH,BULLISH,0
2026-02-19 16:43:37.563173+00:00,volatility,BEARISH,BULLISH,0
2026-02-19 16:43:37.563173+00:00,master_decision,BEARISH,BULLISH,0
2026-02-19 16:47:10.720906+00:00,agronomist,BEARISH,BULLISH,0
2026-02-19 16:47:10.720906+00:00,macro,NEUTRAL,BULLISH,0
2026-02-19 16:47:10.720906+00:00,geopolitical,NEUTRAL,BULLISH,0
2026-02-19 16:47:10.720906+00:00,supply_chain,BULLISH,BULLISH,1
2026-02-19 16:47:10.720906+00:00,inventory,NEUTRAL,BULLISH,0
2026-02-19 16:47:10.720906+00:00,sentiment,BEARISH,BULLISH,0
2026-02-19 16:47:10.720906+00:00,technical,BEARISH,BULLISH,0
2026-02-19 16:47:10.720906+00:00,volatility,BULLISH,BULLISH,1
2026-02-19 16:47:10.720906+00:00,master_decision,NEUTRAL,BULLISH,0
2026-02-19 16:51:37.059660+00:00,agronomist,BEARISH,BULLISH,0
2026-02-19 16:51:37.059660+00:00,macro,NEUTRAL,BULLISH,0
2026-02-19 16:51:37.059660+00:00,geopolitical,NEUTRAL,BULLISH,0
2026-02-19 16:51:37.059660+00:00,supply_chain,BULLISH,BULLISH,1
2026-02-19 16:51:37.059660+00:00,inventory,NEUTRAL,BULLISH,0
2026-02-19 16:51:37.059660+00:00,sentiment,BEARISH,BULLISH,0
2026-02-19 16:51:37.059660+00:00,technical,BEARISH,BULLISH,0
2026-02-19 16:51:37.059660+00:00,volatility,BEARISH,BULLISH,0
2026-02-19 16:51:37.059660+00:00,master_decision,BEARISH,BULLISH,0
2026-02-19 16:51:43.042914+00:00,agronomist,BEARISH,BULLISH,0
2026-02-19 16:51:43.042914+00:00,macro,NEUTRAL,BULLISH,0
2026-02-19 16:51:43.042914+00:00,geopolitical,NEUTRAL,BULLISH,0
2026-02-19 16:51:43.042914+00:00,supply_chain,BULLISH,BULLISH,1
2026-02-19 16:51:43.042914+00:00,inventory,NEUTRAL,BULLISH,0
2026-02-19 16:51:43.042914+00:00,sentiment,BEARISH,BULLISH,0
2026-02-19 16:51:43.042914+00:00,technical,BEARISH,BULLISH,0
2026-02-19 16:51:43.042914+00:00,volatility,NEUTRAL,BULLISH,0
