timestamp,cycle_key,agent,regime,domain_weight,reliability_mult,final_weight
2026-02-10T13:53:04.917300+00:00,scheduled_2026-02-10T13:53:04,agronomist,HIGH_VOLATILITY,2.25,1.0,2.25
2026-02-10T13:53:04.917300+00:00,scheduled_2026-02-10T13:53:04,macro,HIGH_VOLATILITY,1.5,1.0,1.16
2026-02-10T13:53:04.917300+00:00,scheduled_2026-02-10T13:53:04,geopolitical,HIGH_VOLATILITY,1.5,1.0,1.16
2026-02-10T13:53:04.917300+00:00,scheduled_2026-02-10T13:53:04,supply_chain,HIGH_VOLATILITY,1.5,1.0,1.16
2026-02-10T13:53:04.917300+00:00,scheduled_2026-02-10T13:53:04,inventory,HIGH_VOLATILITY,1.5,1.0,1.16
2026-02-10T13:53:04.917300+00:00,scheduled_2026-02-10T13:53:04,sentiment,HIGH_VOLATILITY,1.5,1.0,1.16
2026-02-10T13:53:04.917300+00:00,scheduled_2026-02-10T13:53:04,technical,HIGH_VOLATILITY,1.05,1.0,1.05
2026-02-10T13:53:04.917300+00:00,scheduled_2026-02-10T13:53:04,volatility,HIGH_VOLATILITY,2.25,1.0,1.74
2026-02-10T13:56:10.272082+00:00,scheduled_2026-02-10T13:56:10,agronomist,HIGH_VOLATILITY,2.25,1.0,2.25
2026-02-10T13:56:10.272082+00:00,scheduled_2026-02-10T13:56:10,macro,HIGH_VOLATILITY,1.5,1.0,1.16
2026-02-10T13:56:10.272082+00:00,scheduled_2026-02-10T13:56:10,geopolitical,HIGH_VOLATILITY,1.5,1.0,0.38
2026-02-10T13:56:10.272082+00:00,scheduled_2026-02-10T13:56:10,supply_chain,HIGH_VOLATILITY,1.5,1.0,0.38
2026-02-10T13:56:10.272082+00:00,scheduled_2026-02-10T13:56:10,inventory,HIGH_VOLATILITY,1.5,1.0,1.16
2026-02-10T13:56:10.272082+00:00,scheduled_2026-02-10T13:56:10,sentiment,HIGH_VOLATILITY,1.5,1.0,1.16
2026-02-10T13:56:10.272082+00:00,scheduled_2026-02-10T13:56:10,technical,HIGH_VOLATILITY,1.05,1.0,1.05
2026-02-10T13:56:10.272082+00:00,scheduled_2026-02-10T13:56:10,volatility,HIGH_VOLATILITY,2.25,1.0,1.74
2026-02-10T13:58:44.487155+00:00,scheduled_2026-02-10T13:58:44,agronomist,HIGH_VOLATILITY,2.25,1.0,2.25
2026-02-10T13:58:44.487155+00:00,scheduled_2026-02-10T13:58:44,macro,HIGH_VOLATILITY,1.5,1.0,1.16
2026-02-10T13:58:44.487155+00:00,scheduled_2026-02-10T13:58:44,geopolitical,HIGH_VOLATILITY,1.5,1.0,1.16
2026-02-10T13:58:44.487155+00:00,scheduled_2026-02-10T13:58:44,supply_chain,HIGH_VOLATILITY,1.5,1.0,1.16
2026-02-10T13:58:44.487155+00:00,scheduled_2026-02-10T13:58:44,inventory,HIGH_VOLATILITY,1.5,1.0,1.16
2026-02-10T13:58:44.487155+00:00,scheduled_2026-02-10T13:58:44,sentiment,HIGH_VOLATILITY,1.5,1.0,0.38
2026-02-10T13:58:44.487155+00:00,scheduled_2026-02-10T13:58:44,technical,HIGH_VOLATILITY,1.05,1.0,1.05
2026-02-10T13:58:44.487155+00:00,scheduled_2026-02-10T13:58:44,volatility,HIGH_VOLATILITY,2.25,1.0,1.74
2026-02-10T13:59:58.240031+00:00,scheduled_2026-02-10T13:59:58,agronomist,HIGH_VOLATILITY,2.25,1.0,2.25
2026-02-10T13:59:58.240031+00:00,scheduled_2026-02-10T13:59:58,macro,HIGH_VOLATILITY,1.5,1.0,1.16
2026-02-10T13:59:58.240031+00:00,scheduled_2026-02-10T13:59:58,geopolitical,HIGH_VOLATILITY,1.5,1.0,1.16
2026-02-10T13:59:58.240031+00:00,scheduled_2026-02-10T13:59:58,supply_chain,HIGH_VOLATILITY,1.5,1.0,1.16
2026-02-10T13:59:58.240031+00:00,scheduled_2026-02-10T13:59:58,inventory,HIGH_VOLATILITY,1.5,1.0,1.16
2026-02-10T13:59:58.240031+00:00,scheduled_2026-02-10T13:59:58,sentiment,HIGH_VOLATILITY,1.5,1.0,0.38
2026-02-10T13:59:58.240031+00:00,scheduled_2026-02-10T13:59:58,technical,HIGH_VOLATILITY,1.05,1.0,1.05
2026-02-10T13:59:58.240031+00:00,scheduled_2026-02-10T13:59:58,volatility,HIGH_VOLATILITY,2.25,1.0,1.74
2026-02-10T14:08:33.650941+00:00,scheduled_2026-02-10T14:08:33,agronomist,HIGH_VOLATILITY,2.25,1.0,2.25
2026-02-10T14:08:33.650941+00:00,scheduled_2026-02-10T14:08:33,macro,HIGH_VOLATILITY,1.5,1.0,1.16
2026-02-10T14:08:33.650941+00:00,scheduled_2026-02-10T14:08:33,geopolitical,HIGH_VOLATILITY,1.5,1.0,0.38
2026-02-10T14:08:33.650941+00:00,scheduled_2026-02-10T14:08:33,supply_chain,HIGH_VOLATILITY,1.5,1.0,0.38
2026-02-10T14:08:33.650941+00:00,scheduled_2026-02-10T14:08:33,inventory,HIGH_VOLATILITY,1.5,1.0,1.16
2026-02-10T14:08:33.650941+00:00,scheduled_2026-02-10T14:08:33,sentiment,HIGH_VOLATILITY,1.5,1.0,1.16
2026-02-10T14:08:33.650941+00:00,scheduled_2026-02-10T14:08:33,technical,HIGH_VOLATILITY,1.05,1.0,1.05
2026-02-10T14:08:33.650941+00:00,scheduled_2026-02-10T14:08:33,volatility,HIGH_VOLATILITY,2.25,1.0,2.25
2026-02-10T17:07:47.228560+00:00,manual_2026-02-10T17:07:47,agronomist,RANGE_BOUND,1.5,1.0,1.5
2026-02-10T17:07:47.228560+00:00,manual_2026-02-10T17:07:47,macro,RANGE_BOUND,1.5,1.0,1.01
2026-02-10T17:07:47.228560+00:00,manual_2026-02-10T17:07:47,geopolitical,RANGE_BOUND,1.5,1.0,1.01
2026-02-10T17:07:47.228560+00:00,manual_2026-02-10T17:07:47,supply_chain,RANGE_BOUND,1.5,1.0,0.38
2026-02-10T17:07:47.228560+00:00,manual_2026-02-10T17:07:47,inventory,RANGE_BOUND,1.5,1.0,1.01
2026-02-10T17:07:47.228560+00:00,manual_2026-02-10T17:07:47,sentiment,RANGE_BOUND,1.5,1.0,1.01
2026-02-10T17:07:47.228560+00:00,manual_2026-02-10T17:07:47,technical,RANGE_BOUND,2.25,1.0,2.25
2026-02-10T17:07:47.228560+00:00,manual_2026-02-10T17:07:47,volatility,RANGE_BOUND,1.05,1.0,1.05
2026-02-10T17:13:09.732780+00:00,manual_2026-02-10T17:13:09,agronomist,HIGH_VOLATILITY,2.25,1.0,2.25
2026-02-10T17:13:09.732780+00:00,manual_2026-02-10T17:13:09,macro,HIGH_VOLATILITY,1.5,1.0,1.01
2026-02-10T17:13:09.732780+00:00,manual_2026-02-10T17:13:09,geopolitical,HIGH_VOLATILITY,1.5,1.0,1.01
2026-02-10T17:13:09.732780+00:00,manual_2026-02-10T17:13:09,supply_chain,HIGH_VOLATILITY,1.5,1.0,1.01
2026-02-10T17:13:09.732780+00:00,manual_2026-02-10T17:13:09,inventory,HIGH_VOLATILITY,1.5,1.0,1.5
2026-02-10T17:13:09.732780+00:00,manual_2026-02-10T17:13:09,sentiment,HIGH_VOLATILITY,1.5,1.0,1.01
2026-02-10T17:13:09.732780+00:00,manual_2026-02-10T17:13:09,technical,HIGH_VOLATILITY,1.05,1.0,1.05
2026-02-10T17:13:09.732780+00:00,manual_2026-02-10T17:13:09,volatility,HIGH_VOLATILITY,2.25,1.0,1.52
2026-02-10T17:13:40.821921+00:00,manual_2026-02-10T17:13:40,agronomist,HIGH_VOLATILITY,2.25,1.0,2.25
2026-02-10T17:13:40.821921+00:00,manual_2026-02-10T17:13:40,macro,HIGH_VOLATILITY,1.5,1.0,1.01
2026-02-10T17:13:40.821921+00:00,manual_2026-02-10T17:13:40,geopolitical,HIGH_VOLATILITY,1.5,1.0,1.01
2026-02-10T17:13:40.821921+00:00,manual_2026-02-10T17:13:40,supply_chain,HIGH_VOLATILITY,1.5,1.0,0.38
2026-02-10T17:13:40.821921+00:00,manual_2026-02-10T17:13:40,inventory,HIGH_VOLATILITY,1.5,1.0,0.38
2026-02-10T17:13:40.821921+00:00,manual_2026-02-10T17:13:40,sentiment,HIGH_VOLATILITY,1.5,1.0,1.01
2026-02-10T17:13:40.821921+00:00,manual_2026-02-10T17:13:40,technical,HIGH_VOLATILITY,1.05,1.0,1.05
2026-02-10T17:13:40.821921+00:00,manual_2026-02-10T17:13:40,volatility,HIGH_VOLATILITY,2.25,1.0,1.52
2026-02-10T17:15:06.216473+00:00,manual_2026-02-10T17:15:06,agronomist,RANGE_BOUND,1.5,1.0,1.5
2026-02-10T17:15:06.216473+00:00,manual_2026-02-10T17:15:06,macro,RANGE_BOUND,1.5,1.0,1.01
2026-02-10T17:15:06.216473+00:00,manual_2026-02-10T17:15:06,geopolitical,RANGE_BOUND,1.5,1.0,1.01
2026-02-10T17:15:06.216473+00:00,manual_2026-02-10T17:15:06,supply_chain,RANGE_BOUND,1.5,1.0,1.01
2026-02-10T17:15:06.216473+00:00,manual_2026-02-10T17:15:06,inventory,RANGE_BOUND,1.5,1.0,1.01
2026-02-10T17:15:06.216473+00:00,manual_2026-02-10T17:15:06,sentiment,RANGE_BOUND,1.5,1.0,1.01
2026-02-10T17:15:06.216473+00:00,manual_2026-02-10T17:15:06,technical,RANGE_BOUND,2.25,1.0,2.25
2026-02-10T17:15:06.216473+00:00,manual_2026-02-10T17:15:06,volatility,RANGE_BOUND,1.05,1.0,0.71
2026-02-10T17:15:35.001711+00:00,manual_2026-02-10T17:15:35,agronomist,HIGH_VOLATILITY,2.25,1.0,2.25
2026-02-10T17:15:35.001711+00:00,manual_2026-02-10T17:15:35,macro,HIGH_VOLATILITY,1.5,1.0,1.01
2026-02-10T17:15:35.001711+00:00,manual_2026-02-10T17:15:35,geopolitical,HIGH_VOLATILITY,1.5,1.0,1.01
2026-02-10T17:15:35.001711+00:00,manual_2026-02-10T17:15:35,supply_chain,HIGH_VOLATILITY,1.5,1.0,0.38
2026-02-10T17:15:35.001711+00:00,manual_2026-02-10T17:15:35,inventory,HIGH_VOLATILITY,1.5,1.0,1.5
2026-02-10T17:15:35.001711+00:00,manual_2026-02-10T17:15:35,sentiment,HIGH_VOLATILITY,1.5,1.0,1.01
2026-02-10T17:15:35.001711+00:00,manual_2026-02-10T17:15:35,technical,HIGH_VOLATILITY,1.05,1.0,1.05
2026-02-10T17:15:35.001711+00:00,manual_2026-02-10T17:15:35,volatility,HIGH_VOLATILITY,2.25,1.0,1.52
2026-02-11T14:03:48.826601+00:00,scheduled_2026-02-11T14:03:48,agronomist,HIGH_VOLATILITY,2.25,1.0,2.25
2026-02-11T14:03:48.826601+00:00,scheduled_2026-02-11T14:03:48,macro,HIGH_VOLATILITY,1.5,1.0,1.5
2026-02-11T14:03:48.826601+00:00,scheduled_2026-02-11T14:03:48,geopolitical,HIGH_VOLATILITY,1.5,1.0,1.5
2026-02-11T14:03:48.826601+00:00,scheduled_2026-02-11T14:03:48,supply_chain,HIGH_VOLATILITY,1.5,1.0,1.5
2026-02-11T14:03:48.826601+00:00,scheduled_2026-02-11T14:03:48,inventory,HIGH_VOLATILITY,1.5,1.0,1.5
2026-02-11T14:03:48.826601+00:00,scheduled_2026-02-11T14:03:48,sentiment,HIGH_VOLATILITY,1.5,1.0,1.5
2026-02-11T14:03:48.826601+00:00,scheduled_2026-02-11T14:03:48,technical,HIGH_VOLATILITY,1.05,1.0,1.05
2026-02-11T14:03:48.826601+00:00,scheduled_2026-02-11T14:03:48,volatility,HIGH_VOLATILITY,2.25,1.0,2.25
2026-02-11T14:05:44.592755+00:00,scheduled_2026-02-11T14:05:44,agronomist,HIGH_VOLATILITY,2.25,1.0,2.25
2026-02-11T14:05:44.592755+00:00,scheduled_2026-02-11T14:05:44,macro,HIGH_VOLATILITY,1.5,1.0,1.5
2026-02-11T14:05:44.592755+00:00,scheduled_2026-02-11T14:05:44,geopolitical,HIGH_VOLATILITY,1.5,1.0,1.5
2026-02-11T14:05:44.592755+00:00,scheduled_2026-02-11T14:05:44,supply_chain,HIGH_VOLATILITY,1.5,1.0,1.5
2026-02-11T14:05:44.592755+00:00,scheduled_2026-02-11T14:05:44,inventory,HIGH_VOLATILITY,1.5,1.0,1.5
2026-02-11T14:05:44.592755+00:00,scheduled_2026-02-11T14:05:44,sentiment,HIGH_VOLATILITY,1.5,1.0,1.5
2026-02-11T14:05:44.592755+00:00,scheduled_2026-02-11T14:05:44,technical,HIGH_VOLATILITY,1.05,1.0,1.05
2026-02-11T14:05:44.592755+00:00,scheduled_2026-02-11T14:05:44,volatility,HIGH_VOLATILITY,2.25,1.0,1.69
2026-02-11T14:08:10.517684+00:00,scheduled_2026-02-11T14:08:10,agronomist,HIGH_VOLATILITY,2.25,1.0,2.25
2026-02-11T14:08:10.517684+00:00,scheduled_2026-02-11T14:08:10,macro,HIGH_VOLATILITY,1.5,1.0,1.5
2026-02-11T14:08:10.517684+00:00,scheduled_2026-02-11T14:08:10,geopolitical,HIGH_VOLATILITY,1.5,1.0,1.5
2026-02-11T14:08:10.517684+00:00,scheduled_2026-02-11T14:08:10,supply_chain,HIGH_VOLATILITY,1.5,1.0,1.5
2026-02-11T14:08:10.517684+00:00,scheduled_2026-02-11T14:08:10,inventory,HIGH_VOLATILITY,1.5,1.0,1.5
2026-02-11T14:08:10.517684+00:00,scheduled_2026-02-11T14:08:10,sentiment,HIGH_VOLATILITY,1.5,1.0,1.5
2026-02-11T14:08:10.517684+00:00,scheduled_2026-02-11T14:08:10,technical,HIGH_VOLATILITY,1.05,1.0,1.05
2026-02-11T14:08:10.517684+00:00,scheduled_2026-02-11T14:08:10,volatility,HIGH_VOLATILITY,2.25,1.0,2.25
2026-02-11T14:09:23.800055+00:00,scheduled_2026-02-11T14:09:23,agronomist,HIGH_VOLATILITY,2.25,1.0,2.25
2026-02-11T14:09:23.800055+00:00,scheduled_2026-02-11T14:09:23,macro,HIGH_VOLATILITY,1.5,1.0,1.5
2026-02-11T14:09:23.800055+00:00,scheduled_2026-02-11T14:09:23,geopolitical,HIGH_VOLATILITY,1.5,1.0,1.5
2026-02-11T14:09:23.800055+00:00,scheduled_2026-02-11T14:09:23,supply_chain,HIGH_VOLATILITY,1.5,1.0,1.5
2026-02-11T14:09:23.800055+00:00,scheduled_2026-02-11T14:09:23,inventory,HIGH_VOLATILITY,1.5,1.0,1.5
2026-02-11T14:09:23.800055+00:00,scheduled_2026-02-11T14:09:23,sentiment,HIGH_VOLATILITY,1.5,1.0,1.5
2026-02-11T14:09:23.800055+00:00,scheduled_2026-02-11T14:09:23,technical,HIGH_VOLATILITY,1.05,1.0,1.05
2026-02-11T14:09:23.800055+00:00,scheduled_2026-02-11T14:09:23,volatility,HIGH_VOLATILITY,2.25,1.0,2.25
2026-02-11T14:10:01.215324+00:00,scheduled_2026-02-11T14:10:01,agronomist,HIGH_VOLATILITY,2.25,1.0,2.25
2026-02-11T14:10:01.215324+00:00,scheduled_2026-02-11T14:10:01,macro,HIGH_VOLATILITY,1.5,1.0,1.5
2026-02-11T14:10:01.215324+00:00,scheduled_2026-02-11T14:10:01,geopolitical,HIGH_VOLATILITY,1.5,1.0,1.5
2026-02-11T14:10:01.215324+00:00,scheduled_2026-02-11T14:10:01,supply_chain,HIGH_VOLATILITY,1.5,1.0,1.5
2026-02-11T14:10:01.215324+00:00,scheduled_2026-02-11T14:10:01,inventory,HIGH_VOLATILITY,1.5,1.0,1.5
2026-02-11T14:10:01.215324+00:00,scheduled_2026-02-11T14:10:01,sentiment,HIGH_VOLATILITY,1.5,1.0,1.5
2026-02-11T14:10:01.215324+00:00,scheduled_2026-02-11T14:10:01,technical,HIGH_VOLATILITY,1.05,1.0,1.05
2026-02-11T14:10:01.215324+00:00,scheduled_2026-02-11T14:10:01,volatility,HIGH_VOLATILITY,2.25,1.0,2.25
2026-02-11T16:48:20.453745+00:00,scheduled_2026-02-11T16:48:20,agronomist,HIGH_VOLATILITY,2.25,1.0,2.25
2026-02-11T16:48:20.453745+00:00,scheduled_2026-02-11T16:48:20,macro,HIGH_VOLATILITY,1.5,1.0,1.5
2026-02-11T16:48:20.453745+00:00,scheduled_2026-02-11T16:48:20,geopolitical,HIGH_VOLATILITY,1.5,1.0,1.5
2026-02-11T16:48:20.453745+00:00,scheduled_2026-02-11T16:48:20,supply_chain,HIGH_VOLATILITY,1.5,1.0,1.5
2026-02-11T16:48:20.453745+00:00,scheduled_2026-02-11T16:48:20,inventory,HIGH_VOLATILITY,1.5,1.0,1.5
2026-02-11T16:48:20.453745+00:00,scheduled_2026-02-11T16:48:20,sentiment,HIGH_VOLATILITY,1.5,1.0,1.5
2026-02-11T16:48:20.453745+00:00,scheduled_2026-02-11T16:48:20,technical,HIGH_VOLATILITY,1.05,1.0,1.05
2026-02-11T16:48:20.453745+00:00,scheduled_2026-02-11T16:48:20,volatility,HIGH_VOLATILITY,2.25,1.0,2.25
2026-02-11T16:53:46.129563+00:00,scheduled_2026-02-11T16:53:46,agronomist,HIGH_VOLATILITY,2.25,1.0,2.25
2026-02-11T16:53:46.129563+00:00,scheduled_2026-02-11T16:53:46,macro,HIGH_VOLATILITY,1.5,1.0,1.5
2026-02-11T16:53:46.129563+00:00,scheduled_2026-02-11T16:53:46,geopolitical,HIGH_VOLATILITY,1.5,1.0,1.5
2026-02-11T16:53:46.129563+00:00,scheduled_2026-02-11T16:53:46,supply_chain,HIGH_VOLATILITY,1.5,1.0,1.5
2026-02-11T16:53:46.129563+00:00,scheduled_2026-02-11T16:53:46,inventory,HIGH_VOLATILITY,1.5,1.0,1.5
2026-02-11T16:53:46.129563+00:00,scheduled_2026-02-11T16:53:46,sentiment,HIGH_VOLATILITY,1.5,1.0,1.5
2026-02-11T16:53:46.129563+00:00,scheduled_2026-02-11T16:53:46,technical,HIGH_VOLATILITY,1.05,1.0,1.05
2026-02-11T16:53:46.129563+00:00,scheduled_2026-02-11T16:53:46,volatility,HIGH_VOLATILITY,2.25,1.0,2.25
2026-02-11T16:54:44.568133+00:00,scheduled_2026-02-11T16:54:44,agronomist,RANGE_BOUND,1.5,1.0,1.5
2026-02-11T16:54:44.568133+00:00,scheduled_2026-02-11T16:54:44,macro,RANGE_BOUND,1.5,1.0,1.5
2026-02-11T16:54:44.568133+00:00,scheduled_2026-02-11T16:54:44,geopolitical,RANGE_BOUND,1.5,1.0,1.5
2026-02-11T16:54:44.568133+00:00,scheduled_2026-02-11T16:54:44,supply_chain,RANGE_BOUND,1.5,1.0,1.5
2026-02-11T16:54:44.568133+00:00,scheduled_2026-02-11T16:54:44,inventory,RANGE_BOUND,1.5,1.0,1.5
2026-02-11T16:54:44.568133+00:00,scheduled_2026-02-11T16:54:44,sentiment,RANGE_BOUND,1.5,1.0,1.5
2026-02-11T16:54:44.568133+00:00,scheduled_2026-02-11T16:54:44,technical,RANGE_BOUND,2.25,1.0,2.25
2026-02-11T16:54:44.568133+00:00,scheduled_2026-02-11T16:54:44,volatility,RANGE_BOUND,1.05,1.0,1.05
2026-02-11T16:56:57.316906+00:00,scheduled_2026-02-11T16:56:57,agronomist,HIGH_VOLATILITY,2.25,1.0,2.25
2026-02-11T16:56:57.316906+00:00,scheduled_2026-02-11T16:56:57,macro,HIGH_VOLATILITY,1.5,1.0,1.5
2026-02-11T16:56:57.316906+00:00,scheduled_2026-02-11T16:56:57,geopolitical,HIGH_VOLATILITY,1.5,1.0,1.5
2026-02-11T16:56:57.316906+00:00,scheduled_2026-02-11T16:56:57,supply_chain,HIGH_VOLATILITY,1.5,1.0,1.5
2026-02-11T16:56:57.316906+00:00,scheduled_2026-02-11T16:56:57,inventory,HIGH_VOLATILITY,1.5,1.0,1.5
2026-02-11T16:56:57.316906+00:00,scheduled_2026-02-11T16:56:57,sentiment,HIGH_VOLATILITY,1.5,1.0,1.5
2026-02-11T16:56:57.316906+00:00,scheduled_2026-02-11T16:56:57,technical,HIGH_VOLATILITY,1.05,1.0,1.05
2026-02-11T16:56:57.316906+00:00,scheduled_2026-02-11T16:56:57,volatility,HIGH_VOLATILITY,2.25,1.0,2.25
2026-02-11T16:58:28.758968+00:00,scheduled_2026-02-11T16:58:28,agronomist,HIGH_VOLATILITY,2.25,1.0,2.25
2026-02-11T16:58:28.758968+00:00,scheduled_2026-02-11T16:58:28,macro,HIGH_VOLATILITY,1.5,1.0,1.5
2026-02-11T16:58:28.758968+00:00,scheduled_2026-02-11T16:58:28,geopolitical,HIGH_VOLATILITY,1.5,1.0,1.5
2026-02-11T16:58:28.758968+00:00,scheduled_2026-02-11T16:58:28,supply_chain,HIGH_VOLATILITY,1.5,1.0,1.5
2026-02-11T16:58:28.758968+00:00,scheduled_2026-02-11T16:58:28,inventory,HIGH_VOLATILITY,1.5,1.0,1.5
2026-02-11T16:58:28.758968+00:00,scheduled_2026-02-11T16:58:28,sentiment,HIGH_VOLATILITY,1.5,1.0,1.5
2026-02-11T16:58:28.758968+00:00,scheduled_2026-02-11T16:58:28,technical,HIGH_VOLATILITY,1.05,1.0,1.05
2026-02-11T16:58:28.758968+00:00,scheduled_2026-02-11T16:58:28,volatility,HIGH_VOLATILITY,2.25,1.0,2.25
2026-02-12T08:38:17.506969+00:00,weather_2026-02-12T08:38:17,agronomist,RANGE_BOUND,3.0,1.0,3.0
2026-02-12T08:38:17.506969+00:00,weather_2026-02-12T08:38:17,macro,RANGE_BOUND,1.0,1.0,0.29
2026-02-12T08:38:17.506969+00:00,weather_2026-02-12T08:38:17,geopolitical,RANGE_BOUND,0.5,1.0,0.14
2026-02-12T08:38:17.506969+00:00,weather_2026-02-12T08:38:17,supply_chain,RANGE_BOUND,1.5,1.0,0.43
2026-02-12T08:38:17.506969+00:00,weather_2026-02-12T08:38:17,inventory,RANGE_BOUND,1.5,1.0,0.43
2026-02-12T08:38:17.506969+00:00,weather_2026-02-12T08:38:17,sentiment,RANGE_BOUND,1.0,1.0,0.29
2026-02-12T08:38:17.506969+00:00,weather_2026-02-12T08:38:17,technical,RANGE_BOUND,2.25,1.0,0.65
2026-02-12T08:38:17.506969+00:00,weather_2026-02-12T08:38:17,volatility,RANGE_BOUND,1.4,1.0,0.4
2026-02-12T08:42:21.931010+00:00,macro_shift_2026-02-12T08:42:21,agronomist,RANGE_BOUND,0.5,1.0,0.5
2026-02-12T08:42:21.931010+00:00,macro_shift_2026-02-12T08:42:21,macro,RANGE_BOUND,3.0,1.0,3.0
2026-02-12T08:42:21.931010+00:00,macro_shift_2026-02-12T08:42:21,geopolitical,RANGE_BOUND,2.0,1.0,0.57
2026-02-12T08:42:21.931010+00:00,macro_shift_2026-02-12T08:42:21,supply_chain,RANGE_BOUND,1.0,1.0,0.29
2026-02-12T08:42:21.931010+00:00,macro_shift_2026-02-12T08:42:21,inventory,RANGE_BOUND,0.5,1.0,0.14
2026-02-12T08:42:21.931010+00:00,macro_shift_2026-02-12T08:42:21,sentiment,RANGE_BOUND,2.0,1.0,2.0
2026-02-12T08:42:21.931010+00:00,macro_shift_2026-02-12T08:42:21,technical,RANGE_BOUND,2.25,1.0,2.25
2026-02-12T08:42:21.931010+00:00,macro_shift_2026-02-12T08:42:21,volatility,RANGE_BOUND,1.4,1.0,1.4
2026-02-12T12:08:38.689821+00:00,manual_2026-02-12T12:08:38,agronomist,RANGE_BOUND,1.5,1.0,1.13
2026-02-12T12:08:38.689821+00:00,manual_2026-02-12T12:08:38,macro,RANGE_BOUND,1.5,1.0,1.13
2026-02-12T12:08:38.689821+00:00,manual_2026-02-12T12:08:38,geopolitical,RANGE_BOUND,1.5,1.0,0.32
2026-02-12T12:08:38.689821+00:00,manual_2026-02-12T12:08:38,supply_chain,RANGE_BOUND,1.5,1.0,0.32
2026-02-12T12:08:38.689821+00:00,manual_2026-02-12T12:08:38,inventory,RANGE_BOUND,1.5,1.0,0.32
2026-02-12T12:08:38.689821+00:00,manual_2026-02-12T12:08:38,sentiment,RANGE_BOUND,1.5,1.0,1.5
2026-02-12T12:08:38.689821+00:00,manual_2026-02-12T12:08:38,technical,RANGE_BOUND,2.25,1.0,1.7
2026-02-12T12:08:38.689821+00:00,manual_2026-02-12T12:08:38,volatility,RANGE_BOUND,1.05,1.0,0.79
2026-02-12T12:40:30.836709+00:00,macro_shift_2026-02-12T12:40:30,agronomist,RANGE_BOUND,0.5,1.0,0.35
2026-02-12T12:40:30.836709+00:00,macro_shift_2026-02-12T12:40:30,macro,RANGE_BOUND,3.0,1.0,3.0
2026-02-12T12:40:30.836709+00:00,macro_shift_2026-02-12T12:40:30,geopolitical,RANGE_BOUND,2.0,1.0,0.4
2026-02-12T12:40:30.836709+00:00,macro_shift_2026-02-12T12:40:30,supply_chain,RANGE_BOUND,1.0,1.0,0.2
2026-02-12T12:40:30.836709+00:00,macro_shift_2026-02-12T12:40:30,inventory,RANGE_BOUND,0.5,1.0,0.1
2026-02-12T12:40:30.836709+00:00,macro_shift_2026-02-12T12:40:30,sentiment,RANGE_BOUND,2.0,1.0,2.0
2026-02-12T12:40:30.836709+00:00,macro_shift_2026-02-12T12:40:30,technical,RANGE_BOUND,2.25,1.0,2.25
2026-02-12T12:40:30.836709+00:00,macro_shift_2026-02-12T12:40:30,volatility,RANGE_BOUND,1.4,1.0,1.4
2026-02-12T13:39:43.686979+00:00,manual_2026-02-12T13:39:43,agronomist,RANGE_BOUND,1.5,1.0,0.9
2026-02-12T13:39:43.686979+00:00,manual_2026-02-12T13:39:43,macro,RANGE_BOUND,1.5,1.0,1.5
2026-02-12T13:39:43.686979+00:00,manual_2026-02-12T13:39:43,geopolitical,RANGE_BOUND,1.5,1.0,0.27
2026-02-12T13:39:43.686979+00:00,manual_2026-02-12T13:39:43,supply_chain,RANGE_BOUND,1.5,1.0,0.27
2026-02-12T13:39:43.686979+00:00,manual_2026-02-12T13:39:43,inventory,RANGE_BOUND,1.5,1.0,0.27
2026-02-12T13:39:43.686979+00:00,manual_2026-02-12T13:39:43,sentiment,RANGE_BOUND,1.5,1.0,1.5
2026-02-12T13:39:43.686979+00:00,manual_2026-02-12T13:39:43,technical,RANGE_BOUND,2.25,1.0,2.25
2026-02-12T13:39:43.686979+00:00,manual_2026-02-12T13:39:43,volatility,RANGE_BOUND,1.05,1.0,1.05
2026-02-12T14:04:04.036233+00:00,scheduled_2026-02-12T14:04:04,agronomist,HIGH_VOLATILITY,2.25,0.11,0.24
2026-02-12T14:04:04.036233+00:00,scheduled_2026-02-12T14:04:04,macro,HIGH_VOLATILITY,1.5,0.32,0.49
2026-02-12T14:04:04.036233+00:00,scheduled_2026-02-12T14:04:04,geopolitical,HIGH_VOLATILITY,1.5,1.16,1.74
2026-02-12T14:04:04.036233+00:00,scheduled_2026-02-12T14:04:04,supply_chain,HIGH_VOLATILITY,1.5,1.22,1.83
2026-02-12T14:04:04.036233+00:00,scheduled_2026-02-12T14:04:04,inventory,HIGH_VOLATILITY,1.5,0.68,1.03
2026-02-12T14:04:04.036233+00:00,scheduled_2026-02-12T14:04:04,sentiment,HIGH_VOLATILITY,1.5,0.4,0.61
2026-02-12T14:04:04.036233+00:00,scheduled_2026-02-12T14:04:04,technical,HIGH_VOLATILITY,1.05,0.54,0.56
2026-02-12T14:04:04.036233+00:00,scheduled_2026-02-12T14:04:04,volatility,HIGH_VOLATILITY,2.25,0.27,0.6
2026-02-12T14:06:29.637570+00:00,scheduled_2026-02-12T14:06:29,agronomist,HIGH_VOLATILITY,2.25,0.11,0.24
2026-02-12T14:06:29.637570+00:00,scheduled_2026-02-12T14:06:29,macro,HIGH_VOLATILITY,1.5,0.32,0.49
2026-02-12T14:06:29.637570+00:00,scheduled_2026-02-12T14:06:29,geopolitical,HIGH_VOLATILITY,1.5,1.16,1.74
2026-02-12T14:06:29.637570+00:00,scheduled_2026-02-12T14:06:29,supply_chain,HIGH_VOLATILITY,1.5,1.22,1.83
2026-02-12T14:06:29.637570+00:00,scheduled_2026-02-12T14:06:29,inventory,HIGH_VOLATILITY,1.5,0.68,1.03
2026-02-12T14:06:29.637570+00:00,scheduled_2026-02-12T14:06:29,sentiment,HIGH_VOLATILITY,1.5,0.4,0.61
2026-02-12T14:06:29.637570+00:00,scheduled_2026-02-12T14:06:29,technical,HIGH_VOLATILITY,1.05,0.54,0.56
2026-02-12T14:06:29.637570+00:00,scheduled_2026-02-12T14:06:29,volatility,HIGH_VOLATILITY,2.25,0.27,0.6
2026-02-12T14:08:25.401654+00:00,scheduled_2026-02-12T14:08:25,agronomist,HIGH_VOLATILITY,2.25,0.11,0.24
2026-02-12T14:08:25.401654+00:00,scheduled_2026-02-12T14:08:25,macro,HIGH_VOLATILITY,1.5,0.32,0.49
2026-02-12T14:08:25.401654+00:00,scheduled_2026-02-12T14:08:25,geopolitical,HIGH_VOLATILITY,1.5,1.16,1.74
2026-02-12T14:08:25.401654+00:00,scheduled_2026-02-12T14:08:25,supply_chain,HIGH_VOLATILITY,1.5,1.22,1.83
2026-02-12T14:08:25.401654+00:00,scheduled_2026-02-12T14:08:25,inventory,HIGH_VOLATILITY,1.5,0.68,1.03
2026-02-12T14:08:25.401654+00:00,scheduled_2026-02-12T14:08:25,sentiment,HIGH_VOLATILITY,1.5,0.4,0.61
2026-02-12T14:08:25.401654+00:00,scheduled_2026-02-12T14:08:25,technical,HIGH_VOLATILITY,1.05,0.54,0.56
2026-02-12T14:08:25.401654+00:00,scheduled_2026-02-12T14:08:25,volatility,HIGH_VOLATILITY,2.25,0.27,0.6
2026-02-12T14:09:34.435621+00:00,scheduled_2026-02-12T14:09:34,agronomist,HIGH_VOLATILITY,2.25,0.11,0.24
2026-02-12T14:09:34.435621+00:00,scheduled_2026-02-12T14:09:34,macro,HIGH_VOLATILITY,1.5,0.32,0.49
2026-02-12T14:09:34.435621+00:00,scheduled_2026-02-12T14:09:34,geopolitical,HIGH_VOLATILITY,1.5,1.16,1.74
2026-02-12T14:09:34.435621+00:00,scheduled_2026-02-12T14:09:34,supply_chain,HIGH_VOLATILITY,1.5,1.22,1.83
2026-02-12T14:09:34.435621+00:00,scheduled_2026-02-12T14:09:34,inventory,HIGH_VOLATILITY,1.5,0.68,1.03
2026-02-12T14:09:34.435621+00:00,scheduled_2026-02-12T14:09:34,sentiment,HIGH_VOLATILITY,1.5,0.4,0.61
2026-02-12T14:09:34.435621+00:00,scheduled_2026-02-12T14:09:34,technical,HIGH_VOLATILITY,1.05,0.54,0.56
2026-02-12T14:09:34.435621+00:00,scheduled_2026-02-12T14:09:34,volatility,HIGH_VOLATILITY,2.25,0.27,0.6
2026-02-12T14:09:40.559262+00:00,scheduled_2026-02-12T14:09:40,agronomist,RANGE_BOUND,1.5,1.0,1.5
2026-02-12T14:09:40.559262+00:00,scheduled_2026-02-12T14:09:40,macro,RANGE_BOUND,1.5,1.0,1.5
2026-02-12T14:09:40.559262+00:00,scheduled_2026-02-12T14:09:40,geopolitical,RANGE_BOUND,1.5,1.0,1.5
2026-02-12T14:09:40.559262+00:00,scheduled_2026-02-12T14:09:40,supply_chain,RANGE_BOUND,1.5,1.0,1.5
2026-02-12T14:09:40.559262+00:00,scheduled_2026-02-12T14:09:40,inventory,RANGE_BOUND,1.5,1.0,1.5
2026-02-12T14:09:40.559262+00:00,scheduled_2026-02-12T14:09:40,sentiment,RANGE_BOUND,1.5,1.0,1.5
2026-02-12T14:09:40.559262+00:00,scheduled_2026-02-12T14:09:40,technical,RANGE_BOUND,2.25,1.0,2.25
2026-02-12T14:09:40.559262+00:00,scheduled_2026-02-12T14:09:40,volatility,RANGE_BOUND,1.05,1.0,1.05
2026-02-12T15:09:06.076860+00:00,manual_2026-02-12T15:09:06,agronomist,RANGE_BOUND,1.5,1.0,1.5
2026-02-12T15:09:06.076860+00:00,manual_2026-02-12T15:09:06,macro,RANGE_BOUND,1.5,1.0,1.5
2026-02-12T15:09:06.076860+00:00,manual_2026-02-12T15:09:06,geopolitical,RANGE_BOUND,1.5,1.0,1.5
2026-02-12T15:09:06.076860+00:00,manual_2026-02-12T15:09:06,supply_chain,RANGE_BOUND,1.5,1.0,1.5
2026-02-12T15:09:06.076860+00:00,manual_2026-02-12T15:09:06,inventory,RANGE_BOUND,1.5,1.0,1.5
2026-02-12T15:09:06.076860+00:00,manual_2026-02-12T15:09:06,sentiment,RANGE_BOUND,1.5,1.0,1.5
2026-02-12T15:09:06.076860+00:00,manual_2026-02-12T15:09:06,technical,RANGE_BOUND,2.25,1.0,2.25
2026-02-12T15:09:06.076860+00:00,manual_2026-02-12T15:09:06,volatility,RANGE_BOUND,1.05,1.0,1.05
2026-02-12T16:39:31.290771+00:00,weather_2026-02-12T16:39:31,agronomist,RANGE_BOUND,3.0,1.0,3.0
2026-02-12T16:39:31.290771+00:00,weather_2026-02-12T16:39:31,macro,RANGE_BOUND,1.0,1.0,0.86
2026-02-12T16:39:31.290771+00:00,weather_2026-02-12T16:39:31,geopolitical,RANGE_BOUND,0.5,1.0,0.43
2026-02-12T16:39:31.290771+00:00,weather_2026-02-12T16:39:31,supply_chain,RANGE_BOUND,1.5,1.0,1.28
2026-02-12T16:39:31.290771+00:00,weather_2026-02-12T16:39:31,inventory,RANGE_BOUND,1.5,1.0,1.28
2026-02-12T16:39:31.290771+00:00,weather_2026-02-12T16:39:31,sentiment,RANGE_BOUND,1.0,1.0,0.95
2026-02-12T16:39:31.290771+00:00,weather_2026-02-12T16:39:31,technical,RANGE_BOUND,2.25,1.0,1.92
2026-02-12T16:39:31.290771+00:00,weather_2026-02-12T16:39:31,volatility,RANGE_BOUND,1.4,1.0,1.2
2026-02-12T16:41:19.439654+00:00,manual_2026-02-12T16:41:19,agronomist,RANGE_BOUND,1.5,1.0,1.5
2026-02-12T16:41:19.439654+00:00,manual_2026-02-12T16:41:19,macro,RANGE_BOUND,1.5,1.0,1.27
2026-02-12T16:41:19.439654+00:00,manual_2026-02-12T16:41:19,geopolitical,RANGE_BOUND,1.5,1.0,1.27
2026-02-12T16:41:19.439654+00:00,manual_2026-02-12T16:41:19,supply_chain,RANGE_BOUND,1.5,1.0,1.27
2026-02-12T16:41:19.439654+00:00,manual_2026-02-12T16:41:19,inventory,RANGE_BOUND,1.5,1.0,1.27
2026-02-12T16:41:19.439654+00:00,manual_2026-02-12T16:41:19,sentiment,RANGE_BOUND,1.5,1.0,1.5
2026-02-12T16:41:19.439654+00:00,manual_2026-02-12T16:41:19,technical,RANGE_BOUND,2.25,1.0,1.91
2026-02-12T16:41:19.439654+00:00,manual_2026-02-12T16:41:19,volatility,RANGE_BOUND,1.05,1.0,0.89
2026-02-12T16:44:47.306777+00:00,price_2026-02-12T16:44:47,agronomist,RANGE_BOUND,1.0,1.0,1.0
2026-02-12T16:44:47.306777+00:00,price_2026-02-12T16:44:47,macro,RANGE_BOUND,1.5,1.0,1.27
2026-02-12T16:44:47.306777+00:00,price_2026-02-12T16:44:47,geopolitical,RANGE_BOUND,1.0,1.0,0.85
2026-02-12T16:44:47.306777+00:00,price_2026-02-12T16:44:47,supply_chain,RANGE_BOUND,1.0,1.0,0.85
2026-02-12T16:44:47.306777+00:00,price_2026-02-12T16:44:47,inventory,RANGE_BOUND,1.0,1.0,0.85
2026-02-12T16:44:47.306777+00:00,price_2026-02-12T16:44:47,sentiment,RANGE_BOUND,2.0,1.0,2.0
2026-02-12T16:44:47.306777+00:00,price_2026-02-12T16:44:47,technical,RANGE_BOUND,4.5,1.0,4.5
2026-02-12T16:44:47.306777+00:00,price_2026-02-12T16:44:47,volatility,RANGE_BOUND,1.75,1.0,1.48
2026-02-12T16:48:23.100176+00:00,scheduled_2026-02-12T16:48:23,agronomist,HIGH_VOLATILITY,2.25,0.11,0.24
2026-02-12T16:48:23.100176+00:00,scheduled_2026-02-12T16:48:23,macro,HIGH_VOLATILITY,1.5,0.32,0.49
2026-02-12T16:48:23.100176+00:00,scheduled_2026-02-12T16:48:23,geopolitical,HIGH_VOLATILITY,1.5,1.16,1.74
2026-02-12T16:48:23.100176+00:00,scheduled_2026-02-12T16:48:23,supply_chain,HIGH_VOLATILITY,1.5,1.22,1.83
2026-02-12T16:48:23.100176+00:00,scheduled_2026-02-12T16:48:23,inventory,HIGH_VOLATILITY,1.5,0.68,1.03
2026-02-12T16:48:23.100176+00:00,scheduled_2026-02-12T16:48:23,sentiment,HIGH_VOLATILITY,1.5,0.4,0.61
2026-02-12T16:48:23.100176+00:00,scheduled_2026-02-12T16:48:23,technical,HIGH_VOLATILITY,1.05,0.54,0.56
2026-02-12T16:48:23.100176+00:00,scheduled_2026-02-12T16:48:23,volatility,HIGH_VOLATILITY,2.25,0.27,0.6
2026-02-12T16:51:01.268807+00:00,scheduled_2026-02-12T16:51:01,agronomist,RANGE_BOUND,1.5,1.0,1.5
2026-02-12T16:51:01.268807+00:00,scheduled_2026-02-12T16:51:01,macro,RANGE_BOUND,1.5,1.0,1.5
2026-02-12T16:51:01.268807+00:00,scheduled_2026-02-12T16:51:01,geopolitical,RANGE_BOUND,1.5,1.0,1.5
2026-02-12T16:51:01.268807+00:00,scheduled_2026-02-12T16:51:01,supply_chain,RANGE_BOUND,1.5,1.0,1.5
2026-02-12T16:51:01.268807+00:00,scheduled_2026-02-12T16:51:01,inventory,RANGE_BOUND,1.5,1.0,1.5
2026-02-12T16:51:01.268807+00:00,scheduled_2026-02-12T16:51:01,sentiment,RANGE_BOUND,1.5,1.0,1.5
2026-02-12T16:51:01.268807+00:00,scheduled_2026-02-12T16:51:01,technical,RANGE_BOUND,2.25,1.0,2.25
2026-02-12T16:51:01.268807+00:00,scheduled_2026-02-12T16:51:01,volatility,RANGE_BOUND,1.05,1.0,1.05
2026-02-12T16:52:34.696038+00:00,scheduled_2026-02-12T16:52:34,agronomist,RANGE_BOUND,1.5,1.0,1.5
2026-02-12T16:52:34.696038+00:00,scheduled_2026-02-12T16:52:34,macro,RANGE_BOUND,1.5,1.0,1.5
2026-02-12T16:52:34.696038+00:00,scheduled_2026-02-12T16:52:34,geopolitical,RANGE_BOUND,1.5,1.0,1.5
2026-02-12T16:52:34.696038+00:00,scheduled_2026-02-12T16:52:34,supply_chain,RANGE_BOUND,1.5,1.0,1.5
2026-02-12T16:52:34.696038+00:00,scheduled_2026-02-12T16:52:34,inventory,RANGE_BOUND,1.5,1.0,1.5
2026-02-12T16:52:34.696038+00:00,scheduled_2026-02-12T16:52:34,sentiment,RANGE_BOUND,1.5,1.0,1.5
2026-02-12T16:52:34.696038+00:00,scheduled_2026-02-12T16:52:34,technical,RANGE_BOUND,2.25,1.0,2.25
2026-02-12T16:52:34.696038+00:00,scheduled_2026-02-12T16:52:34,volatility,RANGE_BOUND,1.05,1.0,1.05
2026-02-12T16:54:05.934012+00:00,scheduled_2026-02-12T16:54:05,agronomist,HIGH_VOLATILITY,2.25,0.11,0.24
2026-02-12T16:54:05.934012+00:00,scheduled_2026-02-12T16:54:05,macro,HIGH_VOLATILITY,1.5,0.32,0.49
2026-02-12T16:54:05.934012+00:00,scheduled_2026-02-12T16:54:05,geopolitical,HIGH_VOLATILITY,1.5,1.16,1.74
2026-02-12T16:54:05.934012+00:00,scheduled_2026-02-12T16:54:05,supply_chain,HIGH_VOLATILITY,1.5,1.22,1.83
2026-02-12T16:54:05.934012+00:00,scheduled_2026-02-12T16:54:05,inventory,HIGH_VOLATILITY,1.5,0.68,1.03
2026-02-12T16:54:05.934012+00:00,scheduled_2026-02-12T16:54:05,sentiment,HIGH_VOLATILITY,1.5,0.4,0.61
2026-02-12T16:54:05.934012+00:00,scheduled_2026-02-12T16:54:05,technical,HIGH_VOLATILITY,1.05,0.54,0.56
2026-02-12T16:54:05.934012+00:00,scheduled_2026-02-12T16:54:05,volatility,HIGH_VOLATILITY,2.25,0.27,0.6
2026-02-12T16:54:39.234773+00:00,scheduled_2026-02-12T16:54:39,agronomist,RANGE_BOUND,1.5,1.0,1.5
2026-02-12T16:54:39.234773+00:00,scheduled_2026-02-12T16:54:39,macro,RANGE_BOUND,1.5,1.0,1.5
2026-02-12T16:54:39.234773+00:00,scheduled_2026-02-12T16:54:39,geopolitical,RANGE_BOUND,1.5,1.0,1.5
2026-02-12T16:54:39.234773+00:00,scheduled_2026-02-12T16:54:39,supply_chain,RANGE_BOUND,1.5,1.0,1.5
2026-02-12T16:54:39.234773+00:00,scheduled_2026-02-12T16:54:39,inventory,RANGE_BOUND,1.5,1.0,1.5
2026-02-12T16:54:39.234773+00:00,scheduled_2026-02-12T16:54:39,sentiment,RANGE_BOUND,1.5,1.0,1.5
2026-02-12T16:54:39.234773+00:00,scheduled_2026-02-12T16:54:39,technical,RANGE_BOUND,2.25,1.0,2.25
2026-02-12T16:54:39.234773+00:00,scheduled_2026-02-12T16:54:39,volatility,RANGE_BOUND,1.05,1.0,1.05
2026-02-13T12:23:21.040154+00:00,manual_2026-02-13T12:23:21,agronomist,RANGE_BOUND,1.5,1.0,0.31
2026-02-13T12:23:21.040154+00:00,manual_2026-02-13T12:23:21,macro,RANGE_BOUND,1.5,1.0,0.31
2026-02-13T12:23:21.040154+00:00,manual_2026-02-13T12:23:21,geopolitical,RANGE_BOUND,1.5,1.0,0.31
2026-02-13T12:23:21.040154+00:00,manual_2026-02-13T12:23:21,supply_chain,RANGE_BOUND,1.5,1.0,0.31
2026-02-13T12:23:21.040154+00:00,manual_2026-02-13T12:23:21,inventory,RANGE_BOUND,1.5,1.0,0.31
2026-02-13T12:23:21.040154+00:00,manual_2026-02-13T12:23:21,sentiment,RANGE_BOUND,1.5,1.0,1.5
2026-02-13T12:23:21.040154+00:00,manual_2026-02-13T12:23:21,technical,RANGE_BOUND,2.25,1.0,0.46
2026-02-13T12:23:21.040154+00:00,manual_2026-02-13T12:23:21,volatility,RANGE_BOUND,1.05,1.0,0.21
